ID	xTB_IP	xTB_EA	xTB_Opticalgap	xTB_oscillator_strength	Smiles	A	B	Sequence	check	Monomer_no_A	Monomer_no_B	Optical_gap	IP	EA	IP_cal	EA_cal	Opticalgap_cal	V_oc_expPCBM
11_26_00001111	-4.9475	-3.1919	2.329	2.5129	c1ccc2c(-c3cccc4c(-c5cccc6c(-c7cccc8c(-c9sc(-c%10sc(-c%11sc(-c%12scc%13ccccc%12%13)c%12ccccc%11%12)c%11ccccc%10%11)c%10ccccc9%10)cccc78)cccc56)cccc34)cccc2c1	BrC1=C2C=CC=CC2=C(Br)S1	BrC1=CC=CC2=C(Br)C=CC=C12	AAAABBBB	['AAAABBBB', 'BrC1=C2C=CC=CC2=C(Br)S1', 'BrC1=CC=CC2=C(Br)C=CC=C12']	11	26				-4.986036222947149	-1.9372897829230964	2.1792670439626427	0.7959153986164971
11_19_00001111	-4.7782	-3.3936	2.331	4.259	c1cnc2ccc(-c3ccc4cc(-c5ccc6cc(-c7ccc8cc(-c9sc(-c%10sc(-c%11sc(-c%12scc%13ccccc%12%13)c%12ccccc%11%12)c%11ccccc%10%11)c%10ccccc9%10)ccc8n7)ccc6n5)ccc4n3)cc2c1	BrC1=C2C=CC=CC2=C(Br)S1	BrC1=CC=C2N=C(Br)C=CC2=C1	AAAABBBB	['AAAABBBB', 'BrC1=C2C=CC=CC2=C(Br)S1', 'BrC1=CC=C2N=C(Br)C=CC2=C1']	11	19				-4.831717751038341	-2.110530743529497	2.180366176357025	0.6416139383955195
11_39_01	-5.2816	-3.5605	2.351	3.6802	c1ccc2c(-c3ccc(-c4sc(-c5ccc(-c6sc(-c7ccc(-c8sc(-c9cccc%10ncncc9%10)c9ccccc89)c8ncncc78)c7ccccc67)c6ncncc56)c5ccccc45)c4ncncc34)scc2c1	BrC1=C2C=CC=CC2=C(Br)S1	BrC1=C2C=NC=NC2=C(Br)C=C1	AB	['AB', 'BrC1=C2C=CC=CC2=C(Br)S1', 'BrC1=C2C=NC=NC2=C(Br)C=C1']	11	39				-5.2905713763123705	-2.2538818408284964	2.1913575003008448	1.1004169807773236
11_39_0011	-5.1524	-3.5580000000000003	2.295	3.9875	c1ccc2c(-c3sc(-c4ccc(-c5ccc(-c6sc(-c7sc(-c8ccc(-c9cccc%10ncncc9%10)c9ncncc89)c8ccccc78)c7ccccc67)c6ncncc56)c5ncncc45)c4ccccc34)scc2c1	BrC1=C2C=CC=CC2=C(Br)S1	BrC1=C2C=NC=NC2=C(Br)C=C1	AABB	['AABB', 'BrC1=C2C=CC=CC2=C(Br)S1', 'BrC1=C2C=NC=NC2=C(Br)C=C1']	11	39				-5.172804414879306	-2.2517345805334243	2.160581793258149	0.9826630016837019
11_35_00001111	-4.7251	-3.3189	2.276	4.0887	c1ccc2c(-c3ccc(-c4ccc(-c5ccc(-c6sc(-c7sc(-c8sc(-c9scc%10ccccc9%10)c9ccccc89)c8ccccc78)c7ccccc67)c6ccccc56)c5ccccc45)c4ccccc34)cccc2c1	BrC1=C2C=CC=CC2=C(Br)S1	BrC1=C2C=CC=CC2=C(Br)C=C1	AAAABBBB	['AAAABBBB', 'BrC1=C2C=CC=CC2=C(Br)C=C1', 'BrC1=C2C=CC=CC2=C(Br)S1']	11	35	2.022480504988752	-5.009512102669069	-2.0665178938450954	-4.7833166237001405	-2.0463706059127493	2.1501400355115203	0.5932181466782513
11_60_0011	-5.0119	-3.2045	2.247	2.6688	c1ccc2c(-c3sc(-c4c5ccccc5c(-c5c6ccccc6c(-c6sc(-c7sc(-c8c9ccccc9c(-c9c%10ccccc%10cc%10ccccc9%10)c9ccccc89)c8ccccc78)c7ccccc67)c6ccccc56)c5ccccc45)c4ccccc34)scc2c1	BrC1=C2C=CC=CC2=C(Br)S1	BrC1=C2C=CC=CC2=C(Br)C2=CC=CC=C12	AABB	['AABB', 'BrC1=C2C=CC=CC2=C(Br)C2=CC=CC=C12', 'BrC1=C2C=CC=CC2=C(Br)S1']	11	60				-5.0447374018657944	-1.948111974810259	2.134202615792981	0.8546101064619216
47_60_00001111	-5.4561	-3.7312	2.037	1.5656	c1ccc2c(-c3nnc(-c4nnc(-c5nnc(-c6c7ccccc7c(-c7c8ccccc8c(-c8c9ccccc9c(-c9c%10ccccc%10cc%10ccccc9%10)c9ccccc89)c8ccccc78)c7ccccc67)c6ccccc56)c5ccccc45)c4ccccc34)nncc2c1	BrC1=C2C=CC=CC2=C(Br)N=N1	BrC1=C2C=CC=CC2=C(Br)C2=CC=CC=C12	AAAABBBB	['AAAABBBB', 'BrC1=C2C=CC=CC2=C(Br)C2=CC=CC=C12', 'BrC1=C2C=CC=CC2=C(Br)N=N1']	47	60				-5.449629694966159	-2.400496773776005	2.0187937143828725	1.2594577652342638
52_60_00001111	-5.2734	-3.2818	2.124	1.3266	c1ccc2c(-c3c4ccccc4c(-c4c5ccccc5c(-c5c6ccccc6c(-c6cc7cc8oc(-c9cc%10cc%11oc(-c%12cc%13cc%14oc(-c%15cc%16cc%17occc%17cc%16o%15)cc%14cc%13o%12)cc%11cc%10o9)cc8cc7o6)c6ccccc56)c5ccccc45)c4ccccc34)c3ccccc3cc2c1	BrC1=CC2=CC3=C(C=C(Br)O3)C=C2O1	BrC1=C2C=CC=CC2=C(Br)C2=CC=CC=C12	AAAABBBB	['AAAABBBB', 'BrC1=C2C=CC=CC2=C(Br)C2=CC=CC=C12', 'BrC1=CC2=CC3=C(C=C(Br)O3)C=C2O1']	52	60				-5.283097002599125	-2.0145052631338816	2.066605973538489	1.0929434310206056
11_53_0011	-4.8029	-3.4375	2.32	7.3786	c1ccc2c(-c3sc(-c4cc5cc6sc(-c7cc8cc9sc(-c%10sc(-c%11sc(-c%12cc%13cc%14sc(-c%15cc%16cc%17sccc%17cc%16s%15)cc%14cc%13s%12)c%12ccccc%11%12)c%11ccccc%10%11)cc9cc8s7)cc6cc5s4)c4ccccc34)scc2c1	BrC1=C2C=CC=CC2=C(Br)S1	BrC1=CC2=CC3=C(C=C(Br)S3)C=C2S1	AABB	['AABB', 'BrC1=C2C=CC=CC2=C(Br)S1', 'BrC1=CC2=CC3=C(C=C(Br)S3)C=C2S1']	11	53				-4.854232023077016	-2.148236634310959	2.1743209481879235	0.6641257285163604
11_2_01	-4.644	-3.4322	2.194	5.0567	c1csc(-c2sc(-c3ccc(-c4sc(-c5ccc(-c6sc(-c7ccc(-c8scc9ccccc89)s7)c7ccccc67)s5)c5ccccc45)s3)c3ccccc23)c1	BrC1=C2C=CC=CC2=C(Br)S1	BrC1=CC=C(Br)S1	AB	['AB', 'BrC1=C2C=CC=CC2=C(Br)S1', 'BrC1=CC=C(Br)S1']	11	3				-4.7093932446581785	-2.1436844424854065	2.105075607341859	0.5193029167673169
16_2_0011	-5.5901	-3.9481	2.2319999999999998	4.4509	c1csc(-c2ccc(-c3ccc(-c4ccc(-c5ccc(-c6ccc(-c7ccc(-c8cccc9nonc89)c8nonc78)s6)s5)c5nonc45)c4nonc34)s2)c1	BrC1=CC=C(Br)C2=NON=C12	BrC1=CC=C(Br)S1	AABB	['AABB', 'BrC1=CC=C(Br)C2=NON=C12', 'BrC1=CC=C(Br)S1']	16	3				-5.571771899548438	-2.5867930769764422	2.125959122835116	1.3815865051610832
16_2_00001111	-5.4235	-4.0497	2.305	6.2594	c1csc(-c2ccc(-c3ccc(-c4ccc(-c5ccc(-c6ccc(-c7ccc(-c8cccc9nonc89)c8nonc78)c7nonc67)c6nonc56)s4)s3)s2)c1	BrC1=CC=C(Br)C2=NON=C12	BrC1=CC=C(Br)S1	AAAABBBB	['AAAABBBB', 'BrC1=CC=C(Br)C2=NON=C12', 'BrC1=CC=C(Br)S1']	16	3				-5.419914501911067	-2.674057735368163	2.166077455230059	1.2297458479087833
11_30_0011	-5.2632	-3.7641	2.366	4.1076	c1ccc2c(-c3sc(-c4ccnc5c(-c6ccnc7c(-c8sc(-c9sc(-c%10ccnc%11c(-c%12ccnc%13cccnc%12%13)ccnc%10%11)c%10ccccc9%10)c9ccccc89)ccnc67)ccnc45)c4ccccc34)scc2c1	BrC1=C2C=CC=CC2=C(Br)S1	BrC1=CC=NC2=C(Br)C=CN=C12	AABB	['AABB', 'BrC1=C2C=CC=CC2=C(Br)S1', 'BrC1=CC=NC2=C(Br)C=CN=C12']	11	30				-5.273799610907042	-2.428754719259151	2.1996009932587097	1.0836470642500575
60_30_00001111	-5.4303	-3.691	2.052	1.4363	c1ccc2c(-c3c4ccccc4c(-c4c5ccccc5c(-c5c6ccccc6c(-c6ccnc7c(-c8ccnc9c(-c%10ccnc%11c(-c%12ccnc%13cccnc%12%13)ccnc%10%11)ccnc89)ccnc67)c6ccccc56)c5ccccc45)c4ccccc34)c3ccccc3cc2c1	BrC1=C2C=CC=CC2=C(Br)C2=CC=CC=C12	BrC1=CC=NC2=C(Br)C=CN=C12	AAAABBBB	['AAAABBBB', 'BrC1=C2C=CC=CC2=C(Br)C2=CC=CC=C12', 'BrC1=CC=NC2=C(Br)C=CN=C12']	60	30				-5.426112763039122	-2.365968828231249	2.027037207340737	1.2359434257558157
11_16_01	-5.244	-3.9985	1.994	5.6306	c1ccc2c(-c3ccc(-c4sc(-c5ccc(-c6sc(-c7ccc(-c8sc(-c9cccc%10nonc9%10)c9ccccc89)c8nonc78)c7ccccc67)c6nonc56)c5ccccc45)c4nonc34)scc2c1	BrC1=C2C=CC=CC2=C(Br)S1	BrC1=CC=C(Br)C2=NON=C12	AB	['AB', 'BrC1=C2C=CC=CC2=C(Br)S1', 'BrC1=CC=C(Br)C2=NON=C12']	11	16				-5.256298638310176	-2.6300818445250917	1.99516236790366	1.066148020917258
11_16_0011	-5.1981	-4.0429	2.089	5.992000000000001	c1ccc2c(-c3sc(-c4ccc(-c5ccc(-c6sc(-c7sc(-c8ccc(-c9cccc%10nonc9%10)c9nonc89)c8ccccc78)c7ccccc67)c6nonc56)c5nonc45)c4ccccc34)scc2c1	BrC1=C2C=CC=CC2=C(Br)S1	BrC1=CC=C(Br)C2=NON=C12	AABB	['AABB', 'BrC1=C2C=CC=CC2=C(Br)S1', 'BrC1=CC=C(Br)C2=NON=C12']	11	16				-5.2144603756958	-2.668217187365568	2.047371156636804	1.0243143704497888
48_16_00001111	-4.3263	-3.7238	1.344	0.1675	c1cc(-c2ccc(-c3ccc(-c4ccc(-c5cc6[nH]c7cc(-c8cc9[nH]c%10cc(-c%11cc%12[nH]c%13cc(-c%14cc%15[nH]c%16cc[nH]c%16c%15[nH]%14)[nH]c%13c%12[nH]%11)[nH]c%10c9[nH]8)[nH]c7c6[nH]5)c5nonc45)c4nonc34)c3nonc23)c2nonc2c1	BrC1=CC2=C(N1)C1=C(N2)C=C(Br)N1	BrC1=CC=C(Br)C2=NON=C12	AAAABBBB	['AAAABBBB', 'BrC1=CC2=C(N1)C1=C(N2)C=C(Br)N1', 'BrC1=CC=C(Br)C2=NON=C12']	48	16				-4.4198068387194445	-2.3941408833025917	1.637944339729514	0.2297484341199218
48_16_0011	-4.5297	-3.477	1.655	0.1414	c1cc(-c2ccc(-c3cc4[nH]c5cc(-c6cc7[nH]c8cc(-c9ccc(-c%10ccc(-c%11cc%12[nH]c%13cc(-c%14cc%15[nH]c%16cc[nH]c%16c%15[nH]%14)[nH]c%13c%12[nH]%11)c%11nonc%10%11)c%10nonc9%10)[nH]c8c7[nH]6)[nH]c5c4[nH]3)c3nonc23)c2nonc2c1	BrC1=CC2=C(N1)C1=C(N2)C=C(Br)N1	BrC1=CC=C(Br)C2=NON=C12	AABB	['AABB', 'BrC1=CC2=C(N1)C1=C(N2)C=C(Br)N1', 'BrC1=CC=C(Br)C2=NON=C12']	48	16				-4.605207767167473	-2.1821633469730948	1.8088594270559133	0.41512892442675337
9_16_00001111	-5.5389	-4.1055	2.342	1.814	c1cc(-c2ccc(-c3ccc(-c4ccc(-c5cc6oc(-c7cc8oc(-c9cc%10oc(-c%11cc%12occc%12o%11)cc%10o9)cc8o7)cc6o5)c5nonc45)c4nonc34)c3nonc23)c2nonc2c1	BrC1=CC2=C(O1)C=C(Br)O2	BrC1=CC=C(Br)C2=NON=C12	AAAABBBB	['AAAABBBB', 'BrC1=CC2=C(O1)C=C(Br)O2', 'BrC1=CC=C(Br)C2=NON=C12']	9	16				-5.525102639290135	-2.721984585154168	2.186411404526126	1.3349223896069555
1_16_00001111	-5.6629999999999985	-4.0689	2.292	5.072	c1coc(-c2ccc(-c3ccc(-c4ccc(-c5ccc(-c6ccc(-c7ccc(-c8cccc9nonc89)c8nonc78)c7nonc67)c6nonc56)o4)o3)o2)c1	BrC1=CC=C(Br)O1	BrC1=CC=C(Br)C2=NON=C12	AAAABBBB	['AAAABBBB', 'BrC1=CC=C(Br)C2=NON=C12', 'BrC1=CC=C(Br)O1']	2	16				-5.638220904877157	-2.690548694434316	2.1589330946665757	1.4480281853153016
1_16_0011	-5.7497	-3.8894	2.34	2.6493	c1coc(-c2ccc(-c3ccc(-c4ccc(-c5ccc(-c6ccc(-c7ccc(-c8cccc9nonc89)c8nonc78)o6)o5)c5nonc45)c4nonc34)o2)c1	BrC1=CC=C(Br)O1	BrC1=CC=C(Br)C2=NON=C12	AABB	['AABB', 'BrC1=CC=C(Br)C2=NON=C12', 'BrC1=CC=C(Br)O1']	2	16				-5.71724873425987	-2.536375405248154	2.1853122721317435	1.5270473028649685
10_16_00001111	-5.2163	-3.9996	2.3369999999999997	1.094	c1cc(-c2ccc(-c3ccc(-c4ccc(-c5cc6sc(-c7cc8sc(-c9cc%10sc(-c%11cc%12sccc%12s%11)cc%10s9)cc8s7)cc6s5)c5nonc45)c4nonc34)c3nonc23)c2nonc2c1	BrC1=CC2=C(S1)C=C(Br)S2	BrC1=CC=C(Br)C2=NON=C12	AAAABBBB	['AAAABBBB', 'BrC1=CC2=C(S1)C=C(Br)S2', 'BrC1=CC=C(Br)C2=NON=C12']	10	16				-5.231049839303244	-2.6310266390549235	2.1836635735401706	1.0409020052756708
10_16_0011	-5.3955	-3.9214	2.1790000000000003	8.2593	c1cc(-c2ccc(-c3cc4sc(-c5cc6sc(-c7ccc(-c8ccc(-c9cc%10sc(-c%11cc%12sccc%12s%11)cc%10s9)c9nonc89)c8nonc78)cc6s5)cc4s3)c3nonc23)c2nonc2c1	BrC1=CC2=C(S1)C=C(Br)S2	BrC1=CC=C(Br)C2=NON=C12	AABB	['AABB', 'BrC1=CC2=C(S1)C=C(Br)S2', 'BrC1=CC=C(Br)C2=NON=C12']	10	16				-5.394392250207306	-2.5638603370250745	2.096832114383994	1.2042264097151183
0_16_0011	-5.2723	-3.6586	2.246	4.383	c1c[nH]c(-c2ccc(-c3ccc(-c4ccc(-c5ccc(-c6ccc(-c7ccc(-c8cccc9nonc89)c8nonc78)[nH]6)[nH]5)c5nonc45)c4nonc34)[nH]2)c1	BrC1=CC=C(Br)N1	BrC1=CC=C(Br)C2=NON=C12	AABB	['AABB', 'BrC1=CC=C(Br)C2=NON=C12', 'BrC1=CC=C(Br)N1']	1	16				-5.282094342710764	-2.338140334807117	2.1336530495957904	1.091940881662998
2_16_01	-5.5955	-3.9165	2.2230000000000003	4.5317	c1csc(-c2ccc(-c3ccc(-c4ccc(-c5ccc(-c6ccc(-c7ccc(-c8cccc9nonc89)s7)c7nonc67)s5)c5nonc45)s3)c3nonc23)c1	BrC1=CC=C(Br)S1	BrC1=CC=C(Br)C2=NON=C12	AB	['AB', 'BrC1=CC=C(Br)C2=NON=C12', 'BrC1=CC=C(Br)S1']	3	16	1.6457150928423818	-5.633156664236478	-2.981940703537246	-5.576694048091309	-2.5596517068467333	2.121013027060398	1.386508111098436
11_61_00001111	-4.7589	-3.4928	2.261	5.9931	O=S1(=O)c2ccccc2-c2ccc(-c3ccc4c(c3)S(=O)(=O)c3cc(-c5ccc6c(c5)S(=O)(=O)c5cc(-c7ccc8c(c7)S(=O)(=O)c7cc(-c9sc(-c%10sc(-c%11sc(-c%12scc%13ccccc%12%13)c%12ccccc%11%12)c%11ccccc%10%11)c%10ccccc9%10)ccc7-8)ccc5-6)ccc3-4)cc21	BrC1=C2C=CC=CC2=C(Br)S1	BrC1=CC2=C(C=C1)C1=C(C=C(Br)C=C1)S2(=O)=O	AAAABBBB	['AAAABBBB', 'BrC1=C2C=CC=CC2=C(Br)S1', 'BrC1=CC2=C(C=C1)C1=C(C=C(Br)C=C1)S2(=O)=O']	11	61				-4.814125627542536	-2.195734032037949	2.141896542553656	0.6240237542120306
7_0_00001111	-5.2936	-4.3019	0.342	0.0005	c1c[nH]c(-c2ccc(-c3ccc(-c4ccc(-c5nnc(-c6nnc(-c7nnc(-c8nncnn8)nn7)nn6)nn5)[nH]4)[nH]3)[nH]2)c1	BrC1=NN=C(Br)N=N1	BrC1=CC=C(Br)N1	AAAABBBB	['AAAABBBB', 'BrC1=CC=C(Br)N1', 'BrC1=NN=C(Br)N=N1']	8	1	1.1633445566761709	-5.324061107485356	-3.0766337830692736	-5.301509484185409	-2.890673353935016	1.0872790101441383	1.111353882860321
11_0_01	-4.398	-2.9597	2.191	3.5708	c1c[nH]c(-c2sc(-c3ccc(-c4sc(-c5ccc(-c6sc(-c7ccc(-c8scc9ccccc89)[nH]7)c7ccccc67)[nH]5)c5ccccc45)[nH]3)c3ccccc23)c1	BrC1=C2C=CC=CC2=C(Br)S1	BrC1=CC=C(Br)N1	AB	['AB', 'BrC1=C2C=CC=CC2=C(Br)S1', 'BrC1=CC=C(Br)N1']	11	1				-4.485162033260859	-1.7378522467168196	2.103426908750285	0.29509642406584075
16_0_01	-5.399	-3.766	2.153	3.3809	c1c[nH]c(-c2ccc(-c3ccc(-c4ccc(-c5ccc(-c6ccc(-c7ccc(-c8cccc9nonc89)[nH]7)c7nonc67)[nH]5)c5nonc45)[nH]3)c3nonc23)c1	BrC1=CC=C(Br)C2=NON=C12	BrC1=CC=C(Br)N1	AB	['AB', 'BrC1=CC=C(Br)C2=NON=C12', 'BrC1=CC=C(Br)N1']	16	1				-5.3975825316702775	-2.430386637083405	2.082543393257028	1.2074163394893276
16_0_00001111	-4.9909	-3.8666	2.352	1.5930000000000002	c1c[nH]c(-c2ccc(-c3ccc(-c4ccc(-c5ccc(-c6ccc(-c7ccc(-c8cccc9nonc89)c8nonc78)c7nonc67)c6nonc56)[nH]4)[nH]3)[nH]2)c1	BrC1=CC=C(Br)C2=NON=C12	BrC1=CC=C(Br)N1	AAAABBBB	['AAAABBBB', 'BrC1=CC=C(Br)C2=NON=C12', 'BrC1=CC=C(Br)N1']	16	1				-5.025595713087976	-2.5167923913570984	2.191907066498036	0.8354705278166756
11_14_00001111	-4.7584	-3.4024	2.244	4.4462	c1ccc2c(-c3sc(-c4sc(-c5sc(-c6ccc(-c7ccc(-c8ccc(-c9cccc%10ccsc9%10)c9ccsc89)c8ccsc78)c7ccsc67)c6ccccc56)c5ccccc45)c4ccccc34)scc2c1	BrC1=C2C=CC=CC2=C(Br)S1	BrC1=CC=C(Br)C2=C1SC=C2	AAAABBBB	['AAAABBBB', 'BrC1=C2C=CC=CC2=C(Br)S1', 'BrC1=CC=C(Br)C2=C1SC=C2']	11	14				-4.813669873047826	-2.11808909976815	2.1325539172014087	0.6235680499585723
7_52_00001111	-5.7168	-4.6543	1.679	0.0089	c1nnc(-c2nnc(-c3nnc(-c4nnc(-c5cc6cc7oc(-c8cc9cc%10oc(-c%11cc%12cc%13oc(-c%14cc%15cc%16occc%16cc%15o%14)cc%13cc%12o%11)cc%10cc9o8)cc7cc6o5)nn4)nn3)nn2)nn1	BrC1=NN=C(Br)N=N1	BrC1=CC2=CC3=C(C=C(Br)O3)C=C2O1	AAAABBBB	['AAAABBBB', 'BrC1=CC2=CC3=C(C=C(Br)O3)C=C2O1', 'BrC1=NN=C(Br)N=N1']	8	52				-5.687260088507952	-3.193351165128349	1.8220490157884968	1.4970619629874127
11_52_00001111	-4.8722	-3.4271	2.238	5.0233	c1ccc2c(-c3sc(-c4sc(-c5sc(-c6cc7cc8oc(-c9cc%10cc%11oc(-c%12cc%13cc%14oc(-c%15cc%16cc%17occc%17cc%16o%15)cc%14cc%13o%12)cc%11cc%10o9)cc8cc7o6)c6ccccc56)c5ccccc45)c4ccccc34)scc2c1	BrC1=C2C=CC=CC2=C(Br)S1	BrC1=CC2=CC3=C(C=C(Br)O3)C=C2O1	AAAABBBB	['AAAABBBB', 'BrC1=C2C=CC=CC2=C(Br)S1', 'BrC1=CC2=CC3=C(C=C(Br)O3)C=C2O1']	11	52				-4.917399596043822	-2.13930403148346	2.129256520018262	0.7272863380456782
11_52_0011	-4.9447	-3.4478	2.333	7.204	c1ccc2c(-c3sc(-c4cc5cc6oc(-c7cc8cc9oc(-c%10sc(-c%11sc(-c%12cc%13cc%14oc(-c%15cc%16cc%17occc%17cc%16o%15)cc%14cc%13o%12)c%12ccccc%11%12)c%11ccccc%10%11)cc9cc8o7)cc6cc5o4)c4ccccc34)scc2c1	BrC1=C2C=CC=CC2=C(Br)S1	BrC1=CC2=CC3=C(C=C(Br)O3)C=C2O1	AABB	['AABB', 'BrC1=C2C=CC=CC2=C(Br)S1', 'BrC1=CC2=CC3=C(C=C(Br)O3)C=C2O1']	11	52				-4.983483997776771	-2.1570833467266555	2.181465308751407	0.7933634547971289
7_51_00001111	-4.9537	-4.3462	0.153	0.0002	c1nnc(-c2nnc(-c3nnc(-c4nnc(-c5cc6cc7[nH]c(-c8cc9cc%10[nH]c(-c%11cc%12cc%13[nH]c(-c%14cc%15cc%16[nH]ccc%16cc%15[nH]%14)cc%13cc%12[nH]%11)cc%10cc9[nH]8)cc7cc6[nH]5)nn4)nn3)nn2)nn1	BrC1=NN=C(Br)N=N1	BrC1=CC2=CC3=C(C=C(Br)N3)C=C2N1	AAAABBBB	['AAAABBBB', 'BrC1=CC2=CC3=C(C=C(Br)N3)C=C2N1', 'BrC1=NN=C(Br)N=N1']	8	51	0.9002063218779082	-5.0145585952715965	-3.148772985557838	-4.991687578681552	-2.9287228063636896	0.9834109988750406	0.8015661313593789
11_51_0011	-4.4972	-3.0926	2.352	6.5272	c1ccc2c(-c3sc(-c4cc5cc6[nH]c(-c7cc8cc9[nH]c(-c%10sc(-c%11sc(-c%12cc%13cc%14[nH]c(-c%15cc%16cc%17[nH]ccc%17cc%16[nH]%15)cc%14cc%13[nH]%12)c%12ccccc%11%12)c%11ccccc%10%11)cc9cc8[nH]7)cc6cc5[nH]4)c4ccccc34)scc2c1	BrC1=C2C=CC=CC2=C(Br)S1	BrC1=CC2=CC3=C(C=C(Br)N3)C=C2N1	AABB	['AABB', 'BrC1=C2C=CC=CC2=C(Br)S1', 'BrC1=CC2=CC3=C(C=C(Br)N3)C=C2N1']	11	51				-4.575583725011323	-1.8520006040028412	2.191907066498036	0.3855081479519646
11_29_00001111	-5.0169	-3.6286	2.249	2.5443	c1ccc2c(-c3sc(-c4sc(-c5sc(-c6ccnc7c(-c8ccnc9c(-c%10ccnc%11c(-c%12ccnc%13ccncc%12%13)cncc%10%11)cncc89)cncc67)c6ccccc56)c5ccccc45)c4ccccc34)scc2c1	BrC1=C2C=CC=CC2=C(Br)S1	BrC1=CC=NC2=C(Br)C=NC=C12	AAAABBBB	['AAAABBBB', 'BrC1=C2C=CC=CC2=C(Br)S1', 'BrC1=CC=NC2=C(Br)C=NC=C12']	11	29				-5.0492949468128945	-2.3123732112662543	2.1353017481873637	0.8591671489965047
7_50_00001111	-5.2591	-4.4931	0.295	0.0002	c1nnc(-c2nnc(-c3nnc(-c4nnc(-c5cc6sc7cc(-c8cc9sc%10cc(-c%11cc%12sc%13cc(-c%14cc%15sc%16ccsc%16c%15s%14)sc%13c%12s%11)sc%10c9s8)sc7c6s5)nn4)nn3)nn2)nn1	BrC1=NN=C(Br)N=N1	BrC1=CC2=C(S1)C1=C(S2)C=C(Br)S1	AAAABBBB	['AAAABBBB', 'BrC1=CC2=C(S1)C1=C(S2)C=C(Br)S1', 'BrC1=NN=C(Br)N=N1']	8	50	1.347962498126603	-5.439591259007982	-3.2035005081873207	-5.27006242405042	-3.0548958213021136	1.0614493988761615	1.0799102893717
7_50_0011	-5.5879	-4.2161	0.057	0.0002	c1nnc(-c2nnc(-c3cc4sc5cc(-c6cc7sc8cc(-c9nnc(-c%10nnc(-c%11cc%12sc%13cc(-c%14cc%15sc%16ccsc%16c%15s%14)sc%13c%12s%11)nn%10)nn9)sc8c7s6)sc5c4s3)nn2)nn1	BrC1=NN=C(Br)N=N1	BrC1=CC2=C(S1)C1=C(S2)C=C(Br)S1	AABB	['AABB', 'BrC1=CC2=C(S1)C1=C(S2)C=C(Br)S1', 'BrC1=NN=C(Br)N=N1']	8	50				-5.569766579771716	-2.8169793806081485	0.9306526439447051	1.3795814064458694
11_50_0011	-4.7182	-3.4192	2.2	6.31	c1ccc2c(-c3sc(-c4cc5sc6cc(-c7cc8sc9cc(-c%10sc(-c%11sc(-c%12cc%13sc%14cc(-c%15cc%16sc%17ccsc%17c%16s%15)sc%14c%13s%12)c%12ccccc%11%12)c%11ccccc%10%11)sc9c8s7)sc6c5s4)c4ccccc34)scc2c1	BrC1=C2C=CC=CC2=C(Br)S1	BrC1=CC2=C(S1)C1=C(S2)C=C(Br)S1	AABB	['AABB', 'BrC1=C2C=CC=CC2=C(Br)S1', 'BrC1=CC2=C(S1)C1=C(S2)C=C(Br)S1']	11	50				-4.777027211673143	-2.1325186889510332	2.1083730045250046	0.5869294279805275
11_50_00001111	-4.6762	-3.4068	2.182	5.399	c1ccc2c(-c3sc(-c4sc(-c5sc(-c6cc7sc8cc(-c9cc%10sc%11cc(-c%12cc%13sc%14cc(-c%15cc%16sc%17ccsc%17c%16s%15)sc%14c%13s%12)sc%11c%10s9)sc8c7s6)c6ccccc56)c5ccccc45)c4ccccc34)scc2c1	BrC1=C2C=CC=CC2=C(Br)S1	BrC1=CC2=C(S1)C1=C(S2)C=C(Br)S1	AAAABBBB	['AAAABBBB', 'BrC1=C2C=CC=CC2=C(Br)S1', 'BrC1=CC2=C(S1)C1=C(S2)C=C(Br)S1']	11	50				-4.738743834117502	-2.121868277887476	2.0984808129755668	0.5486502706900298
16_50_00001111	-5.1414	-4.0712	2.075	2.6845	c1cc(-c2ccc(-c3ccc(-c4ccc(-c5cc6sc7cc(-c8cc9sc%10cc(-c%11cc%12sc%13cc(-c%14cc%15sc%16ccsc%16c%15s%14)sc%13c%12s%11)sc%10c9s8)sc7c6s5)c5nonc45)c4nonc34)c3nonc23)c2nonc2c1	BrC1=CC=C(Br)C2=NON=C12	BrC1=CC2=C(S1)C1=C(S2)C=C(Br)S1	AAAABBBB	['AAAABBBB', 'BrC1=CC2=C(S1)C1=C(S2)C=C(Br)S1', 'BrC1=CC=C(Br)C2=NON=C12']	16	50				-5.1627778159956845	-2.6925241739057815	2.0396772298761308	0.9726375081076177
16_50_01	-5.3260000000000005	-3.8761	2.1069999999999998	7.9438	c1cc(-c2cc3sc4cc(-c5ccc(-c6cc7sc8cc(-c9ccc(-c%10cc%11sc%12cc(-c%13ccc(-c%14cc%15sc%16ccsc%16c%15s%14)c%14nonc%13%14)sc%12c%11s%10)c%10nonc9%10)sc8c7s6)c6nonc56)sc4c3s2)c2nonc2c1	BrC1=CC=C(Br)C2=NON=C12	BrC1=CC2=C(S1)C1=C(S2)C=C(Br)S1	AB	['AB', 'BrC1=CC2=C(S1)C1=C(S2)C=C(Br)S1', 'BrC1=CC=C(Br)C2=NON=C12']	16	50				-5.3310423754426175	-2.5249519804783715	2.0572633481862423	1.1408835184844182
16_50_0011	-5.2764	-3.8762	2.146	10.5774	c1cc(-c2ccc(-c3cc4sc5cc(-c6cc7sc8cc(-c9ccc(-c%10ccc(-c%11cc%12sc%13cc(-c%14cc%15sc%16ccsc%16c%15s%14)sc%13c%12s%11)c%11nonc%10%11)c%10nonc9%10)sc8c7s6)sc5c4s3)c3nonc23)c2nonc2c1	BrC1=CC=C(Br)C2=NON=C12	BrC1=CC2=C(S1)C1=C(S2)C=C(Br)S1	AABB	['AABB', 'BrC1=CC2=C(S1)C1=C(S2)C=C(Br)S1', 'BrC1=CC=C(Br)C2=NON=C12']	16	50				-5.2858315295673854	-2.5250378708901744	2.078696429876691	1.0956776565413562
40_50_01	-5.19	-3.7023	2.356	7.007999999999999	c1cc(-c2cc3sc4cc(-c5ccc(-c6cc7sc8cc(-c9ccc(-c%10cc%11sc%12cc(-c%13ccc(-c%14cc%15sc%16ccsc%16c%15s%14)c%14nccnc%13%14)sc%12c%11s%10)c%10nccnc9%10)sc8c7s6)c6nccnc56)sc4c3s2)c2nccnc2c1	BrC1=C2N=CC=NC2=C(Br)C=C1	BrC1=CC2=C(S1)C1=C(S2)C=C(Br)S1	AB	['AB', 'BrC1=C2N=CC=NC2=C(Br)C=C1', 'BrC1=CC2=C(S1)C1=C(S2)C=C(Br)S1']	40	50				-5.2070771528814985	-2.3756744447649742	2.1941053312867997	1.016931961543765
11_31_00001111	-4.8849	-3.3353	2.2640000000000002	3.3613	c1ccc2c(-c3cccc4c(-c5cccc6c(-c7cccc8c(-c9sc(-c%10sc(-c%11sc(-c%12scc%13ccccc%12%13)c%12ccccc%11%12)c%11ccccc%10%11)c%10ccccc9%10)cncc78)cncc56)cncc34)cncc2c1	BrC1=C2C=CC=CC2=C(Br)S1	BrC1=CN=CC2=C(Br)C=CC=C12	AAAABBBB	['AAAABBBB', 'BrC1=C2C=CC=CC2=C(Br)S1', 'BrC1=CN=CC2=C(Br)C=CC=C12']	11	31				-4.928975760209456	-2.06045663344842	2.1435452411452283	0.7388612260835181
11_22_00001111	-4.8180000000000005	-3.6010000000000004	2.344	4.3499	c1cnc2ncc(-c3ccc4cc(-c5ccc6cc(-c7ccc8cc(-c9sc(-c%10sc(-c%11sc(-c%12scc%13ccccc%12%13)c%12ccccc%11%12)c%11ccccc%10%11)c%10ccccc9%10)cnc8n7)cnc6n5)cnc4n3)cc2c1	BrC1=C2C=CC=CC2=C(Br)S1	BrC1=CN=C2N=C(Br)C=CC2=C1	AAAABBBB	['AAAABBBB', 'BrC1=C2C=CC=CC2=C(Br)S1', 'BrC1=CN=C2N=C(Br)C=CC2=C1']	11	22				-4.867995808817259	-2.288667457608661	2.187510536920508	0.6778879969708014
7_10_00001111	-5.3914	-4.4864	0.105	0.0001	c1nnc(-c2nnc(-c3nnc(-c4nnc(-c5cc6sc(-c7cc8sc(-c9cc%10sc(-c%11cc%12sccc%12s%11)cc%10s9)cc8s7)cc6s5)nn4)nn3)nn2)nn1	BrC1=NN=C(Br)N=N1	BrC1=CC2=C(S1)C=C(Br)S2	AAAABBBB	['AAAABBBB', 'BrC1=CC2=C(S1)C=C(Br)S2', 'BrC1=NN=C(Br)N=N1']	8	10	1.302706675961491	-5.5829095157591535	-3.2452635537356915	-5.3906550633506845	-3.0491411637113215	0.957031821409873	1.2004896348367609
11_10_00001111	-4.5738	-3.4641	2.193	7.4145	c1ccc2c(-c3sc(-c4sc(-c5sc(-c6cc7sc(-c8cc9sc(-c%10cc%11sc(-c%12cc%13sccc%13s%12)cc%11s%10)cc9s8)cc7s6)c6ccccc56)c5ccccc45)c4ccccc34)scc2c1	BrC1=C2C=CC=CC2=C(Br)S1	BrC1=CC2=C(S1)C=C(Br)S2	AAAABBBB	['AAAABBBB', 'BrC1=C2C=CC=CC2=C(Br)S1', 'BrC1=CC2=C(S1)C=C(Br)S2']	11	10				-4.645405313600895	-2.1710834838505244	2.104526041144668	0.4553220395817738
16_10_01	-5.4177	-3.8906	2.156	7.1195	c1cc(-c2cc3sc(-c4ccc(-c5cc6sc(-c7ccc(-c8cc9sc(-c%10ccc(-c%11cc%12sccc%12s%11)c%11nonc%10%11)cc9s8)c8nonc78)cc6s5)c5nonc45)cc3s2)c2nonc2c1	BrC1=CC=C(Br)C2=NON=C12	BrC1=CC2=C(S1)C=C(Br)S2	AB	['AB', 'BrC1=CC2=C(S1)C=C(Br)S2', 'BrC1=CC=C(Br)C2=NON=C12']	16	10				-5.414627749772432	-2.537406090189789	2.084192091848601	1.2244596785686683
7_59_00001111	-5.6370000000000005	-4.6262	1.7690000000000001	0.0091	c1ccc2cc3c(-c4cccc5cc6c(-c7cccc8cc9c(-c%10cccc%11cc%12c(-c%13nnc(-c%14nnc(-c%15nnc(-c%16nncnn%16)nn%15)nn%14)nn%13)cccc%12cc%10%11)cccc9cc78)cccc6cc45)cccc3cc2c1	BrC1=NN=C(Br)N=N1	BrC1=CC=CC2=CC3=C(Br)C=CC=C3C=C12	AAAABBBB	['AAAABBBB', 'BrC1=CC=CC2=CC3=C(Br)C=CC=C3C=C12', 'BrC1=NN=C(Br)N=N1']	8	59				-5.6145216711522385	-3.169215959411741	1.8715099735356864	1.4243315641354723
11_45_01	-5.3159	-3.6882	2.365	4.5721	c1ccc2c(-c3cnc(-c4sc(-c5cnc(-c6sc(-c7cnc(-c8sc(-c9cncc%10cccnc9%10)c9ccccc89)c8cccnc78)c7ccccc67)c6cccnc56)c5ccccc45)c4cccnc34)scc2c1	BrC1=C2C=CC=CC2=C(Br)S1	BrC1=C2N=CC=CC2=C(Br)N=C1	AB	['AB', 'BrC1=C2C=CC=CC2=C(Br)S1', 'BrC1=C2N=CC=CC2=C(Br)N=C1']	11	45				-5.321836134649477	-2.3635638967007684	2.1990514270615185	1.1316782925645616
11_45_00001111	-4.8843	-3.6172	2.295	4.0476	c1ccc2c(-c3sc(-c4sc(-c5sc(-c6cnc(-c7cnc(-c8cnc(-c9cncc%10cccnc9%10)c9cccnc89)c8cccnc78)c7cccnc67)c6ccccc56)c5ccccc45)c4ccccc34)scc2c1	BrC1=C2C=CC=CC2=C(Br)S1	BrC1=C2N=CC=CC2=C(Br)N=C1	AAAABBBB	['AAAABBBB', 'BrC1=C2C=CC=CC2=C(Br)S1', 'BrC1=C2N=CC=CC2=C(Br)N=C1']	11	45				-4.928428854815804	-2.3025817043207266	2.160581793258149	0.7383143809793686
11_45_0011	-5.1374	-3.6964	2.301	4.5788	c1ccc2c(-c3sc(-c4cnc(-c5cnc(-c6sc(-c7sc(-c8cnc(-c9cncc%10cccnc9%10)c9cccnc89)c8ccccc78)c7ccccc67)c6cccnc56)c5cccnc45)c4ccccc34)scc2c1	BrC1=C2C=CC=CC2=C(Br)S1	BrC1=C2N=CC=CC2=C(Br)N=C1	AABB	['AABB', 'BrC1=C2C=CC=CC2=C(Br)S1', 'BrC1=C2N=CC=CC2=C(Br)N=C1']	11	45				-5.159131780038006	-2.370606910468604	2.1638791904412957	0.9689918740799535
7_48_0011	-4.8036	-3.8684	0.539	0.0002	c1nnc(-c2nnc(-c3cc4[nH]c5cc(-c6cc7[nH]c8cc(-c9nnc(-c%10nnc(-c%11cc%12[nH]c%13cc(-c%14cc%15[nH]c%16cc[nH]c%16c%15[nH]%14)[nH]c%13c%12[nH]%11)nn%10)nn9)[nH]c8c7[nH]6)[nH]c5c4[nH]3)nn2)nn1	BrC1=NN=C(Br)N=N1	BrC1=CC2=C(N1)C1=C(N2)C=C(Br)N1	AABB	['AABB', 'BrC1=CC2=C(N1)C1=C(N2)C=C(Br)N1', 'BrC1=NN=C(Br)N=N1']	8	48	1.358273938492273	-4.63484520455054	-2.247654109201663	-4.8548700793696105	-2.5183384187695497	1.195543550990764	0.6647637144712022
7_48_01	-5.1852	-3.8018	1.6980000000000002	0.006	c1nnc(-c2cc3[nH]c4cc(-c5nnc(-c6cc7[nH]c8cc(-c9nnc(-c%10cc%11[nH]c%12cc(-c%13nnc(-c%14cc%15[nH]c%16cc[nH]c%16c%15[nH]%14)nn%13)[nH]c%12c%11[nH]%10)nn9)[nH]c8c7[nH]6)nn5)[nH]c4c3[nH]2)nn1	BrC1=NN=C(Br)N=N1	BrC1=CC2=C(N1)C1=C(N2)C=C(Br)N1	AB	['AB', 'BrC1=CC2=C(N1)C1=C(N2)C=C(Br)N1', 'BrC1=NN=C(Br)N=N1']	8	48				-5.202701909732282	-2.461135404508835	1.832490773535126	1.0125572007105648
11_48_00001111	-4.0708	-3.0877	2.215	4.9756	c1ccc2c(-c3sc(-c4sc(-c5sc(-c6cc7[nH]c8cc(-c9cc%10[nH]c%11cc(-c%12cc%13[nH]c%14cc(-c%15cc%16[nH]c%17cc[nH]c%17c%16[nH]%15)[nH]c%14c%13[nH]%12)[nH]c%11c%10[nH]9)[nH]c8c7[nH]6)c6ccccc56)c5ccccc45)c4ccccc34)scc2c1	BrC1=C2C=CC=CC2=C(Br)S1	BrC1=CC2=C(N1)C1=C(N2)C=C(Br)N1	AAAABBBB	['AAAABBBB', 'BrC1=C2C=CC=CC2=C(Br)S1', 'BrC1=CC2=C(N1)C1=C(N2)C=C(Br)N1']	11	48				-4.186916291922636	-1.8477919738245	2.1166164974828696	-0.003116439397260251
16_48_01	-4.6487	-3.3888	2.002	5.1994	c1cc(-c2cc3[nH]c4cc(-c5ccc(-c6cc7[nH]c8cc(-c9ccc(-c%10cc%11[nH]c%12cc(-c%13ccc(-c%14cc%15[nH]c%16cc[nH]c%16c%15[nH]%14)c%14nonc%13%14)[nH]c%12c%11[nH]%10)c%10nonc9%10)[nH]c8c7[nH]6)c6nonc56)[nH]c4c3[nH]2)c2nonc2c1	BrC1=CC=C(Br)C2=NON=C12	BrC1=CC2=C(N1)C1=C(N2)C=C(Br)N1	AB	['AB', 'BrC1=CC2=C(N1)C1=C(N2)C=C(Br)N1', 'BrC1=CC=C(Br)C2=NON=C12']	16	48				-4.713677336908452	-2.1064080037629584	1.999558897481188	0.5235865367498242
40_48_01	-4.5549	-3.1917	2.301	4.6602	c1cc(-c2cc3[nH]c4cc(-c5ccc(-c6cc7[nH]c8cc(-c9ccc(-c%10cc%11[nH]c%12cc(-c%13ccc(-c%14cc%15[nH]c%16cc[nH]c%16c%15[nH]%14)c%14nccnc%13%14)[nH]c%12c%11[nH]%10)c%10nccnc9%10)[nH]c8c7[nH]6)c6nccnc56)[nH]c4c3[nH]2)c2nccnc2c1	BrC1=C2N=CC=NC2=C(Br)C=C1	BrC1=CC2=C(N1)C1=C(N2)C=C(Br)N1	AB	['AB', 'BrC1=C2N=CC=NC2=C(Br)C=C1', 'BrC1=CC2=C(N1)C1=C(N2)C=C(Br)N1']	40	48				-4.628177793700856	-1.9371180020994907	2.1638791904412957	0.43809641880105016
18_11_00001111	-4.8336	-3.274	2.285	3.702	c1ccc2cc(-c3ccc4cc(-c5ccc6cc(-c7ccc8cc(-c9sc(-c%10sc(-c%11sc(-c%12scc%13ccccc%12%13)c%12ccccc%11%12)c%11ccccc%10%11)c%10ccccc9%10)ccc8c7)ccc6c5)ccc4c3)ccc2c1	BrC1=CC2=CC=C(Br)C=C2C=C1	BrC1=C2C=CC=CC2=C(Br)S1	AAAABBBB	['AAAABBBB', 'BrC1=C2C=CC=CC2=C(Br)S1', 'BrC1=CC2=CC=C(Br)C=C2C=C1']	18	11				-4.88221534905221	-2.0078058110132573	2.1550861312862395	0.6921059696786982
7_11_00001111	-5.2869	-4.3493	0.929	0.0039	c1ccc2c(-c3sc(-c4sc(-c5sc(-c6nnc(-c7nnc(-c8nnc(-c9nncnn9)nn8)nn7)nn6)c6ccccc56)c5ccccc45)c4ccccc34)scc2c1	BrC1=NN=C(Br)N=N1	BrC1=C2C=CC=CC2=C(Br)S1	AAAABBBB	['AAAABBBB', 'BrC1=C2C=CC=CC2=C(Br)S1', 'BrC1=NN=C(Br)N=N1']	8	11	1.36649418264009	-5.4279742929228	-3.161965689707152	-5.2954023739562945	-2.9313854091295792	1.409874367895252	1.1052474458639792
46_11_00001111	-5.0233	-3.6835	2.336	3.004	c1ccc2c(-c3sc(-c4sc(-c5sc(-c6nccc7c(-c8nccc9c(-c%10nccc%11c(-c%12nccc%13cnccc%12%13)nccc%10%11)nccc89)nccc67)c6ccccc56)c5ccccc45)c4ccccc34)scc2c1	BrC1=NC=CC2=C(Br)N=CC=C12	BrC1=C2C=CC=CC2=C(Br)S1	AAAABBBB	['AAAABBBB', 'BrC1=C2C=CC=CC2=C(Br)S1', 'BrC1=NC=CC2=C(Br)N=CC=C12']	46	11				-5.055128604345184	-2.359527047346033	2.18311400734298	0.8650001634407727
43_11_01	-5.2975	-3.7558	2.271	5.0283	c1ccc2c(-c3ncc(-c4sc(-c5ncc(-c6sc(-c7ncc(-c8sc(-c9nccc%10cccnc9%10)c9ccccc89)c8cccnc78)c7ccccc67)c6cccnc56)c5ccccc45)c4cccnc34)scc2c1	BrC1=C2C=CC=NC2=C(Br)N=C1	BrC1=C2C=CC=CC2=C(Br)S1	AB	['AB', 'BrC1=C2C=CC=CC2=C(Br)S1', 'BrC1=C2C=CC=NC2=C(Br)N=C1']	43	11				-5.305064369244149	-2.4216258150795116	2.1473922045255653	1.1149083760372969
48_11_0011	-4.0578	-2.8575	2.219	6.155	c1ccc2c(-c3sc(-c4cc5[nH]c6cc(-c7cc8[nH]c9cc(-c%10sc(-c%11sc(-c%12cc%13[nH]c%14cc(-c%15cc%16[nH]c%17cc[nH]c%17c%16[nH]%15)[nH]c%14c%13[nH]%12)c%12ccccc%11%12)c%11ccccc%10%11)[nH]c9c8[nH]7)[nH]c6c5[nH]4)c4ccccc34)scc2c1	BrC1=CC2=C(N1)C1=C(N2)C=C(Br)N1	BrC1=C2C=CC=CC2=C(Br)S1	AABB	['AABB', 'BrC1=C2C=CC=CC2=C(Br)S1', 'BrC1=CC2=C(N1)C1=C(N2)C=C(Br)N1']	48	11				-4.175066675060176	-1.6500722458542807	2.1188147622716333	-0.014964749987176007
48_11_01	-4.0713	-2.7043	2.234	5.9757	c1ccc2c(-c3cc4[nH]c5cc(-c6sc(-c7cc8[nH]c9cc(-c%10sc(-c%11cc%12[nH]c%13cc(-c%14sc(-c%15cc%16[nH]c%17cc[nH]c%17c%16[nH]%15)c%15ccccc%14%15)[nH]c%13c%12[nH]%11)c%11ccccc%10%11)[nH]c9c8[nH]7)c7ccccc67)[nH]c5c4[nH]3)scc2c1	BrC1=CC2=C(N1)C1=C(N2)C=C(Br)N1	BrC1=C2C=CC=CC2=C(Br)S1	AB	['AB', 'BrC1=C2C=CC=CC2=C(Br)S1', 'BrC1=CC2=C(N1)C1=C(N2)C=C(Br)N1']	48	11				-4.1873720464173445	-1.5184881349722752	2.1270582552294983	-0.002660735143803883
47_11_0011	-5.3153	-3.7259	2.356	4.3473	c1ccc2c(-c3nnc(-c4sc(-c5sc(-c6nnc(-c7nnc(-c8sc(-c9scc%10ccccc9%10)c9ccccc89)c8ccccc78)c7ccccc67)c6ccccc56)c5ccccc45)c4ccccc34)nncc2c1	BrC1=C2C=CC=CC2=C(Br)N=N1	BrC1=C2C=CC=CC2=C(Br)S1	AABB	['AABB', 'BrC1=C2C=CC=CC2=C(Br)N=N1', 'BrC1=C2C=CC=CC2=C(Br)S1']	47	11				-5.321289229255823	-2.3959445819504532	2.1941053312867997	1.1311314474604104
47_11_00001111	-4.9512	-3.7121	2.221	4.523	c1ccc2c(-c3nnc(-c4nnc(-c5nnc(-c6sc(-c7sc(-c8sc(-c9scc%10ccccc9%10)c9ccccc89)c8ccccc78)c7ccccc67)c6ccccc56)c5ccccc45)c4ccccc34)nncc2c1	BrC1=C2C=CC=CC2=C(Br)N=N1	BrC1=C2C=CC=CC2=C(Br)S1	AAAABBBB	['AAAABBBB', 'BrC1=C2C=CC=CC2=C(Br)N=N1', 'BrC1=C2C=CC=CC2=C(Br)S1']	47	11				-4.989408806208002	-2.3840917051216555	2.1199138946660154	0.7992876100920874
27_11_00001111	-4.8182	-3.361	2.28	3.4682	c1ccc2c(-c3sc(-c4sc(-c5sc(-c6cccc7c(-c8cccc9c(-c%10cccc%11c(-c%12cccc%13cccnc%12%13)ccnc%10%11)ccnc89)ccnc67)c6ccccc56)c5ccccc45)c4ccccc34)scc2c1	BrC1=CC=NC2=C(Br)C=CC=C12	BrC1=C2C=CC=CC2=C(Br)S1	AAAABBBB	['AAAABBBB', 'BrC1=C2C=CC=CC2=C(Br)S1', 'BrC1=CC=NC2=C(Br)C=CC=C12']	27	11				-4.868178110615141	-2.0825304692817594	2.1523383003002845	0.6780702786721824
12_11_00001111	-4.6632	-3.2449	2.244	3.8745	c1ccc2c(-c3sc(-c4sc(-c5sc(-c6ccc(-c7ccc(-c8ccc(-c9cccc%10[nH]ccc9%10)c9[nH]ccc89)c8[nH]ccc78)c7[nH]ccc67)c6ccccc56)c5ccccc45)c4ccccc34)scc2c1	BrC1=CC=C(Br)C2=C1NC=C2	BrC1=C2C=CC=CC2=C(Br)S1	AAAABBBB	['AAAABBBB', 'BrC1=C2C=CC=CC2=C(Br)S1', 'BrC1=CC=C(Br)C2=C1NC=C2']	12	11				-4.726894217255042	-1.9828117011786208	2.1325539172014087	0.5368019601001146
32_11_0011	-5.3455	-3.6637	2.359	3.7181	c1ccc2c(-c3sc(-c4nccc5c(-c6nccc7c(-c8sc(-c9sc(-c%10nccc%11c(-c%12nccc%13ccncc%12%13)cncc%10%11)c%10ccccc9%10)c9ccccc89)cncc67)cncc45)c4ccccc34)scc2c1	BrC1=CN=CC2=C(Br)N=CC=C12	BrC1=C2C=CC=CC2=C(Br)S1	AABB	['AABB', 'BrC1=C2C=CC=CC2=C(Br)S1', 'BrC1=CN=CC2=C(Br)N=CC=C12']	32	11				-5.348816800736309	-2.342520745809064	2.1957540298783726	1.1586559843692923
9_11_00001111	-4.6603	-3.4915	2.181	7.7006	c1ccc2c(-c3sc(-c4sc(-c5sc(-c6cc7oc(-c8cc9oc(-c%10cc%11oc(-c%12cc%13occc%13o%12)cc%11o%10)cc9o8)cc7o6)c6ccccc56)c5ccccc45)c4ccccc34)scc2c1	BrC1=CC2=C(O1)C=C(Br)O2	BrC1=C2C=CC=CC2=C(Br)S1	AAAABBBB	['AAAABBBB', 'BrC1=C2C=CC=CC2=C(Br)S1', 'BrC1=CC2=C(O1)C=C(Br)O2']	9	11				-4.724250841185723	-2.194617456684512	2.0979312467783755	0.5341588754300561
30_11_00001111	-4.9264	-3.7295	2.228	4.518	c1ccc2c(-c3sc(-c4sc(-c5sc(-c6ccnc7c(-c8ccnc9c(-c%10ccnc%11c(-c%12ccnc%13cccnc%12%13)ccnc%10%11)ccnc89)ccnc67)c6ccccc56)c5ccccc45)c4ccccc34)scc2c1	BrC1=CC=NC2=C(Br)C=CN=C12	BrC1=C2C=CC=CC2=C(Br)S1	AAAABBBB	['AAAABBBB', 'BrC1=C2C=CC=CC2=C(Br)S1', 'BrC1=CC=NC2=C(Br)C=CN=C12']	30	11				-4.966803383270387	-2.399036636775356	2.1237608580463525	0.776684679120557
50_11_01	-4.6806	-3.477	2.186	8.1317	c1ccc2c(-c3cc4sc5cc(-c6sc(-c7cc8sc9cc(-c%10sc(-c%11cc%12sc%13cc(-c%14sc(-c%15cc%16sc%17ccsc%17c%16s%15)c%15ccccc%14%15)sc%13c%12s%11)c%11ccccc%10%11)sc9c8s7)c7ccccc67)sc5c4s3)scc2c1	BrC1=CC2=C(S1)C1=C(S2)C=C(Br)S1	BrC1=C2C=CC=CC2=C(Br)S1	AB	['AB', 'BrC1=C2C=CC=CC2=C(Br)S1', 'BrC1=CC2=C(S1)C1=C(S2)C=C(Br)S1']	50	11				-4.74275447367095	-2.1821633469730948	2.1006790777643305	0.5526604681204632
17_11_00001111	-4.9715	-4.0583	2.171	7.1102	c1ccc2c(-c3sc(-c4sc(-c5sc(-c6ccc(-c7ccc(-c8ccc(-c9cccc%10nsnc9%10)c9nsnc89)c8nsnc78)c7nsnc67)c6ccccc56)c5ccccc45)c4ccccc34)scc2c1	BrC1=CC=C(Br)C2=NSN=C12	BrC1=C2C=CC=CC2=C(Br)S1	AAAABBBB	['AAAABBBB', 'BrC1=C2C=CC=CC2=C(Br)S1', 'BrC1=CC=C(Br)C2=NSN=C12']	17	11				-5.0079124386932286	-2.681444310783211	2.092435584806465	0.8177892027824945
17_11_0011	-5.0898	-4.0744	2.161	4.5666	c1ccc2c(-c3sc(-c4ccc(-c5ccc(-c6sc(-c7sc(-c8ccc(-c9cccc%10nsnc9%10)c9nsnc89)c8ccccc78)c7ccccc67)c6nsnc56)c5nsnc45)c4ccccc34)scc2c1	BrC1=CC=C(Br)C2=NSN=C12	BrC1=C2C=CC=CC2=C(Br)S1	AABB	['AABB', 'BrC1=C2C=CC=CC2=C(Br)S1', 'BrC1=CC=C(Br)C2=NSN=C12']	17	11				-5.115743952141614	-2.6952726670834743	2.086939922834556	0.9256088291507236
36_11_00001111	-4.8455	-3.4099	2.26	4.1611	c1cc(-c2ccc(-c3ccc(-c4ccc(-c5sc(-c6sc(-c7sc(-c8scc9ccccc89)c8ccccc78)c7ccccc67)c6ccccc56)c5cnccc45)c4cnccc34)c3cnccc23)c2cnccc2c1	BrC1=C2C=CN=CC2=C(Br)C=C1	BrC1=C2C=CC=CC2=C(Br)S1	AAAABBBB	['AAAABBBB', 'BrC1=C2C=CC=CC2=C(Br)S1', 'BrC1=C2C=CN=CC2=C(Br)C=C1']	36	11				-4.893062306026309	-2.1245308806533654	2.141346976356464	0.7029517309110063
39_11_00001111	-4.8164	-3.5705	2.295	4.9944	c1ccc2c(-c3sc(-c4sc(-c5sc(-c6ccc(-c7ccc(-c8ccc(-c9cccc%10cncnc9%10)c9cncnc89)c8cncnc78)c7cncnc67)c6ccccc56)c5ccccc45)c4ccccc34)scc2c1	BrC1=C2C=NC=NC2=C(Br)C=C1	BrC1=C2C=CC=CC2=C(Br)S1	AAAABBBB	['AAAABBBB', 'BrC1=C2C=CC=CC2=C(Br)S1', 'BrC1=C2C=NC=NC2=C(Br)C=C1']	39	11				-4.866537394434187	-2.262470882008784	2.160581793258149	0.6764297433597344
1_11_01	-4.6954	-3.3061	2.2	5.622999999999998	c1coc(-c2sc(-c3ccc(-c4sc(-c5ccc(-c6sc(-c7ccc(-c8scc9ccccc89)o7)c7ccccc67)o5)c5ccccc45)o3)c3ccccc23)c1	BrC1=CC=C(Br)O1	BrC1=C2C=CC=CC2=C(Br)S1	AB	['AB', 'BrC1=C2C=CC=CC2=C(Br)S1', 'BrC1=CC=C(Br)O1']	2	11				-4.756244806714366	-2.0353766332019805	2.1083730045250046	0.5661493140228282
33_11_00001111	-4.8442	-3.6088	2.267	4.6093	c1ccc2c(-c3sc(-c4sc(-c5sc(-c6cncc7c(-c8cncc9c(-c%10cncc%11c(-c%12cncc%13ccncc%12%13)cncc%10%11)cncc89)cncc67)c6ccccc56)c5ccccc45)c4ccccc34)scc2c1	BrC1=CN=CC2=C(Br)C=NC=C12	BrC1=C2C=CC=CC2=C(Br)S1	AAAABBBB	['AAAABBBB', 'BrC1=C2C=CC=CC2=C(Br)S1', 'BrC1=CN=CC2=C(Br)C=NC=C12']	33	11				-4.891877344340061	-2.2953669097292853	2.145193939736801	0.7017668998520132
28_11_0011	-5.2845	-3.7742	2.292	3.5843	c1ccc2c(-c3sc(-c4nccc5c(-c6nccc7c(-c8sc(-c9sc(-c%10nccc%11c(-c%12nccc%13cccnc%12%13)ccnc%10%11)c%10ccccc9%10)c9ccccc89)ccnc67)ccnc45)c4ccccc34)scc2c1	BrC1=CC=NC2=C(Br)N=CC=C12	BrC1=C2C=CC=CC2=C(Br)S1	AABB	['AABB', 'BrC1=C2C=CC=CC2=C(Br)S1', 'BrC1=CC=NC2=C(Br)N=CC=C12']	28	11				-5.293214752381688	-2.4374296508512407	2.1589330946665757	1.103060065447381
42_11_00001111	-5.0522	-3.7941	2.162	4.4362	c1ccc2c(-c3sc(-c4sc(-c5sc(-c6ncc(-c7ncc(-c8ncc(-c9nccc%10ccncc9%10)c9ccncc89)c8ccncc78)c7ccncc67)c6ccccc56)c5ccccc45)c4ccccc34)scc2c1	BrC1=C2C=CN=CC2=C(Br)N=C1	BrC1=C2C=CC=CC2=C(Br)S1	AAAABBBB	['AAAABBBB', 'BrC1=C2C=CC=CC2=C(Br)S1', 'BrC1=C2C=CN=CC2=C(Br)N=C1']	42	11				-5.081471214139421	-2.454521842800013	2.087489489031747	0.8913398692906604
42_11_0011	-5.3074	-3.7648	2.303	4.6127	c1ccc2c(-c3sc(-c4ncc(-c5ncc(-c6sc(-c7sc(-c8ncc(-c9nccc%10ccncc9%10)c9ccncc89)c8ccccc78)c7ccccc67)c6ccncc56)c5ccncc45)c4ccccc34)scc2c1	BrC1=C2C=CN=CC2=C(Br)N=C1	BrC1=C2C=CC=CC2=C(Br)S1	AABB	['AABB', 'BrC1=C2C=CC=CC2=C(Br)S1', 'BrC1=C2C=CN=CC2=C(Br)N=C1']	42	11				-5.3140883082394055	-2.429355952141772	2.1649783228356765	1.1239313202557697
4_11_00001111	-4.8289	-3.5325	2.213	4.7669	c1ccc(-c2ccc(-c3ccc(-c4ccc(-c5sc(-c6sc(-c7sc(-c8scc9ccccc89)c8ccccc78)c7ccccc67)c6ccccc56)nc4)nc3)nc2)nc1	BrC1=CC=C(Br)N=C1	BrC1=C2C=CC=CC2=C(Br)S1	AAAABBBB	['AAAABBBB', 'BrC1=C2C=CC=CC2=C(Br)S1', 'BrC1=CC=C(Br)N=C1']	5	11				-4.877931256801936	-2.2298325255236917	2.1155173650884875	0.6878223496961913
55_11_00001111	-4.6787	-3.3008	2.2769999999999997	4.4971	c1ccc2c(-c3sc(-c4sc(-c5sc(-c6ccc7c(c6)[nH]c6cc(-c8ccc9c(c8)[nH]c8cc(-c%10ccc%11c(c%10)[nH]c%10cc(-c%12ccc%13c(c%12)[nH]c%12ccccc%12%13)ccc%10%11)ccc89)ccc67)c6ccccc56)c5ccccc45)c4ccccc34)scc2c1	BrC1=CC2=C(C=C1)C1=C(N2)C=C(Br)C=C1	BrC1=C2C=CC=CC2=C(Br)S1	AAAABBBB	['AAAABBBB', 'BrC1=C2C=CC=CC2=C(Br)S1', 'BrC1=CC2=C(C=C1)C1=C(N2)C=C(Br)C=C1']	55	11				-4.741022606591052	-2.0308244413764283	2.1506896017087107	0.5509287919573216
23_11_00001111	-4.9901	-3.7526	2.256	5.1317	c1ccc2c(-c3sc(-c4sc(-c5sc(-c6ccc7nc(-c8ccc9nc(-c%10ccc%11nc(-c%12ccc%13ncccc%13n%12)ccc%11n%10)ccc9n8)ccc7n6)c6ccccc56)c5ccccc45)c4ccccc34)scc2c1	BrC1=CC=C2N=C(Br)C=CC2=N1	BrC1=C2C=CC=CC2=C(Br)S1	AAAABBBB	['AAAABBBB', 'BrC1=C2C=CC=CC2=C(Br)S1', 'BrC1=CC=C2N=C(Br)C=CC2=N1']	23	11				-5.024866505896441	-2.4188773219018205	2.1391487115677004	0.8347414010111429
59_11_00001111	-4.7219	-3.3657	2.271	4.5181	c1ccc2cc3c(-c4cccc5cc6c(-c7cccc8cc9c(-c%10cccc%11cc%12c(-c%13sc(-c%14sc(-c%15sc(-c%16scc%17ccccc%16%17)c%16ccccc%15%16)c%15ccccc%14%15)c%14ccccc%13%14)cccc%12cc%10%11)cccc9cc78)cccc6cc45)cccc3cc2c1	BrC1=CC=CC2=CC3=C(Br)C=CC=C3C=C12	BrC1=C2C=CC=CC2=C(Br)S1	AAAABBBB	['AAAABBBB', 'BrC1=C2C=CC=CC2=C(Br)S1', 'BrC1=CC=CC2=CC3=C(Br)C=CC=C3C=C12']	59	11				-4.780399794933996	-2.0865673186364946	2.1473922045255653	0.5903016394561174
10_11_01	-4.6345	-3.4391	2.19	7.8122	c1ccc2c(-c3cc4sc(-c5sc(-c6cc7sc(-c8sc(-c9cc%10sc(-c%11sc(-c%12cc%13sccc%13s%12)c%12ccccc%11%12)cc%10s9)c9ccccc89)cc7s6)c6ccccc56)cc4s3)scc2c1	BrC1=CC2=C(S1)C=C(Br)S2	BrC1=C2C=CC=CC2=C(Br)S1	AB	['AB', 'BrC1=C2C=CC=CC2=C(Br)S1', 'BrC1=CC2=C(S1)C=C(Br)S2']	10	11				-4.700733909258688	-2.1496108808998047	2.1028773425530947	0.5106445359516092
10_11_0011	-4.6194	-3.4543	2.1719999999999997	7.659	c1ccc2c(-c3sc(-c4cc5sc(-c6cc7sc(-c8sc(-c9sc(-c%10cc%11sc(-c%12cc%13sccc%13s%12)cc%11s%10)c%10ccccc9%10)c9ccccc89)cc7s6)cc5s4)c4ccccc34)scc2c1	BrC1=CC2=C(S1)C=C(Br)S2	BrC1=C2C=CC=CC2=C(Br)S1	AABB	['AABB', 'BrC1=C2C=CC=CC2=C(Br)S1', 'BrC1=CC2=C(S1)C=C(Br)S2']	10	11				-4.686970123518446	-2.1626662234938423	2.092985151003657	0.49688226749716896
0_11_0011	-4.4288	-2.9666	2.254	3.7795	c1c[nH]c(-c2ccc(-c3sc(-c4sc(-c5ccc(-c6ccc(-c7sc(-c8scc9ccccc89)c8ccccc78)[nH]6)[nH]5)c5ccccc45)c4ccccc34)[nH]2)c1	BrC1=CC=C(Br)N1	BrC1=C2C=CC=CC2=C(Br)S1	AABB	['AABB', 'BrC1=C2C=CC=CC2=C(Br)S1', 'BrC1=CC=C(Br)N1']	1	11				-4.513236510134995	-1.7437786851312178	2.1380495791733183	0.3231678060788708
0_11_00001111	-4.4221	-3.1841	2.204	4.0651	c1c[nH]c(-c2ccc(-c3ccc(-c4ccc(-c5sc(-c6sc(-c7sc(-c8scc9ccccc89)c8ccccc78)c7ccccc67)c6ccccc56)[nH]4)[nH]3)[nH]2)c1	BrC1=CC=C(Br)N1	BrC1=C2C=CC=CC2=C(Br)S1	AAAABBBB	['AAAABBBB', 'BrC1=C2C=CC=CC2=C(Br)S1', 'BrC1=CC=C(Br)N1']	1	11				-4.507129399905881	-1.9305903308024719	2.1105712693137693	0.31706136908252996
3_11_00001111	-4.7087	-3.3459	2.28	4.3841	c1ccc(-c2ccc(-c3ccc(-c4ccc(-c5sc(-c6sc(-c7sc(-c8scc9ccccc89)c8ccccc78)c7ccccc67)c6ccccc56)cc4)cc3)cc2)cc1	BrC1=CC=C(Br)C=C1	BrC1=C2C=CC=CC2=C(Br)S1	AAAABBBB	['AAAABBBB', 'BrC1=C2C=CC=CC2=C(Br)S1', 'BrC1=CC=C(Br)C=C1']	4	11				-4.768367876273652	-2.069561017099525	2.1523383003002845	0.5782710471648191
60_11_00001111	-4.8435	-3.3038	2.18	3.1774	c1ccc2c(-c3sc(-c4sc(-c5sc(-c6c7ccccc7c(-c7c8ccccc8c(-c8c9ccccc9c(-c9c%10ccccc%10cc%10ccccc9%10)c9ccccc89)c8ccccc78)c7ccccc67)c6ccccc56)c5ccccc45)c4ccccc34)scc2c1	BrC1=C2C=CC=CC2=C(Br)C2=CC=CC=C12	BrC1=C2C=CC=CC2=C(Br)S1	AAAABBBB	['AAAABBBB', 'BrC1=C2C=CC=CC2=C(Br)C2=CC=CC=C12', 'BrC1=C2C=CC=CC2=C(Br)S1']	60	11				-4.891239288047468	-2.033401153730514	2.0973816805811847	0.7011289138971728
44_11_00001111	-4.9864	-3.7105	2.218	3.8485	c1ccc2c(-c3sc(-c4sc(-c5sc(-c6ncc(-c7ncc(-c8ncc(-c9nccc%10cnccc9%10)c9cnccc89)c8cnccc78)c7cnccc67)c6ccccc56)c5ccccc45)c4ccccc34)scc2c1	BrC1=C2C=NC=CC2=C(Br)N=C1	BrC1=C2C=CC=CC2=C(Br)S1	AAAABBBB	['AAAABBBB', 'BrC1=C2C=CC=CC2=C(Br)S1', 'BrC1=C2C=NC=CC2=C(Br)N=C1']	44	11				-5.021493922635585	-2.382717458532809	2.1182651960744425	0.8313691895355502
49_11_01	-4.8704	-3.4712	2.182	6.8664	c1ccc2c(-c3cc4oc5cc(-c6sc(-c7cc8oc9cc(-c%10sc(-c%11cc%12oc%13cc(-c%14sc(-c%15cc%16oc%17ccoc%17c%16o%15)c%15ccccc%14%15)oc%13c%12o%11)c%11ccccc%10%11)oc9c8o7)c7ccccc67)oc5c4o3)scc2c1	BrC1=CC2=C(O1)C1=C(O2)C=C(Br)O1	BrC1=C2C=CC=CC2=C(Br)S1	AB	['AB', 'BrC1=C2C=CC=CC2=C(Br)S1', 'BrC1=CC2=C(O1)C1=C(O2)C=C(Br)O1']	49	11				-4.915758879862866	-2.1771817030885283	2.0984808129755668	0.7256458027332289
37_11_00001111	-4.8143	-3.4217	2.233	3.9618	c1ccc2c(-c3sc(-c4sc(-c5sc(-c6ccc(-c7ccc(-c8ccc(-c9cccc%10cccnc9%10)c9cccnc89)c8cccnc78)c7cccnc67)c6ccccc56)c5ccccc45)c4ccccc34)scc2c1	BrC1=C2C=CC=NC2=C(Br)C=C1	BrC1=C2C=CC=CC2=C(Br)S1	AAAABBBB	['AAAABBBB', 'BrC1=C2C=CC=CC2=C(Br)S1', 'BrC1=C2C=CC=NC2=C(Br)C=C1']	37	11				-4.8646232255564055	-2.134665949246105	2.1265086890323075	0.6745157854952104
15_11_01	-4.8573	-3.2011	2.3480000000000003	3.9794	c1cc(-c2sc(-c3ccc(-c4sc(-c5ccc(-c6sc(-c7ccc(-c8scc9ccccc89)c8cscc78)c7ccccc67)c6cscc56)c5ccccc45)c4cscc34)c3ccccc23)c2cscc2c1	BrC1=CC=C(Br)C2=CSC=C12	BrC1=C2C=CC=CC2=C(Br)S1	AB	['AB', 'BrC1=C2C=CC=CC2=C(Br)S1', 'BrC1=CC=C(Br)C2=CSC=C12']	15	11				-4.9038181121014635	-1.9451917008089608	2.189708801709272	0.7137063512926209
15_11_0011	-4.7811	-3.2348	2.269	4.2418	c1cc(-c2ccc(-c3sc(-c4sc(-c5ccc(-c6ccc(-c7sc(-c8scc9ccccc89)c8ccccc78)c7cscc67)c6cscc56)c5ccccc45)c4ccccc34)c3cscc23)c2cscc2c1	BrC1=CC=C(Br)C2=CSC=C12	BrC1=C2C=CC=CC2=C(Br)S1	AABB	['AABB', 'BrC1=C2C=CC=CC2=C(Br)S1', 'BrC1=CC=C(Br)C2=CSC=C12']	15	11				-4.834361127107662	-1.9741367695865304	2.1462930721311837	0.6442570230655804
24_11_00001111	-4.8916	-3.4705	2.3080000000000003	4.8012	c1ccc2c(-c3sc(-c4sc(-c5sc(-c6cc7cnc(-c8cc9cnc(-c%10cc%11cnc(-c%12cc%13cnccc%13cn%12)cc%11cn%10)cc9cn8)cc7cn6)c6ccccc56)c5ccccc45)c4ccccc34)scc2c1	BrC1=CC2=CN=C(Br)C=C2C=N1	BrC1=C2C=CC=CC2=C(Br)S1	AAAABBBB	['AAAABBBB', 'BrC1=C2C=CC=CC2=C(Br)S1', 'BrC1=CC2=CN=C(Br)C=C2C=N1']	24	11				-4.9350828704385705	-2.176580470205908	2.167726153821632	0.7449676630798601
41_11_00001111	-4.8997	-3.591	2.1719999999999997	4.8012	c1ccc2c(-c3cnc(-c4cnc(-c5cnc(-c6sc(-c7sc(-c8sc(-c9scc%10ccccc9%10)c9ccccc89)c8ccccc78)c7ccccc67)c6ccccc56)c5ccccc45)c4ccccc34)nccc2c1	BrC1=C2C=CC=CC2=C(Br)N=C1	BrC1=C2C=CC=CC2=C(Br)S1	AAAABBBB	['AAAABBBB', 'BrC1=C2C=CC=CC2=C(Br)N=C1', 'BrC1=C2C=CC=CC2=C(Br)S1']	41	11				-4.942466093252873	-2.280078416428373	2.092985151003657	0.7523500719858844
2_11_00001111	-4.6094	-3.4132	2.18	5.3374	c1csc(-c2ccc(-c3ccc(-c4ccc(-c5sc(-c6sc(-c7sc(-c8scc9ccccc89)c8ccccc78)c7ccccc67)c6ccccc56)s4)s3)s2)c1	BrC1=CC=C(Br)S1	BrC1=C2C=CC=CC2=C(Br)S1	AAAABBBB	['AAAABBBB', 'BrC1=C2C=CC=CC2=C(Br)S1', 'BrC1=CC=C(Br)S1']	3	11				-4.6778550336242475	-2.12736526424286	2.0973816805811847	0.48776818242800485
2_11_0011	-4.6821	-3.3557	2.215	5.3804	c1csc(-c2ccc(-c3sc(-c4sc(-c5ccc(-c6ccc(-c7sc(-c8scc9ccccc89)c8ccccc78)s6)s5)c5ccccc45)c4ccccc34)s2)c1	BrC1=CC=C(Br)S1	BrC1=C2C=CC=CC2=C(Br)S1	AABB	['AABB', 'BrC1=C2C=CC=CC2=C(Br)S1', 'BrC1=CC=C(Br)S1']	3	11				-4.744121737155081	-2.0779782774562072	2.1166164974828696	0.554027580880839
51_11_00001111	-4.485	-3.2756	2.248	5.6889	c1ccc2c(-c3sc(-c4sc(-c5sc(-c6cc7cc8[nH]c(-c9cc%10cc%11[nH]c(-c%12cc%13cc%14[nH]c(-c%15cc%16cc%17[nH]ccc%17cc%16[nH]%15)cc%14cc%13[nH]%12)cc%11cc%10[nH]9)cc8cc7[nH]6)c6ccccc56)c5ccccc45)c4ccccc34)scc2c1	BrC1=CC2=CC3=C(C=C(Br)N3)C=C2N1	BrC1=C2C=CC=CC2=C(Br)S1	AAAABBBB	['AAAABBBB', 'BrC1=C2C=CC=CC2=C(Br)S1', 'BrC1=CC2=CC3=C(C=C(Br)N3)C=C2N1']	51	11				-4.564463315340398	-2.0091800576021037	2.1347521819901725	0.3743889641675818
34_11_00001111	-4.8736	-3.4947	2.206	4.2579	c1ccc2c(-c3cccc4c(-c5cccc6c(-c7cccc8c(-c9sc(-c%10sc(-c%11sc(-c%12scc%13ccccc%12%13)c%12ccccc%11%12)c%11ccccc%10%11)c%10ccccc9%10)nccc78)nccc56)nccc34)nccc2c1	BrC1=C2C=CN=C(Br)C2=CC=C1	BrC1=C2C=CC=CC2=C(Br)S1	AAAABBBB	['AAAABBBB', 'BrC1=C2C=CC=CC2=C(Br)S1', 'BrC1=C2C=CN=C(Br)C2=CC=C1']	34	11				-4.91867570862901	-2.197365949862204	2.1116704017081505	0.7285623099553618
16_11_00001111	-4.9689	-4.0314	1.966	2.1452	c1ccc2c(-c3sc(-c4sc(-c5sc(-c6ccc(-c7ccc(-c8ccc(-c9cccc%10nonc9%10)c9nonc89)c8nonc78)c7nonc67)c6ccccc56)c5ccccc45)c4ccccc34)scc2c1	BrC1=CC=C(Br)C2=NON=C12	BrC1=C2C=CC=CC2=C(Br)S1	AAAABBBB	['AAAABBBB', 'BrC1=C2C=CC=CC2=C(Br)S1', 'BrC1=CC=C(Br)C2=NON=C12']	16	11				-5.0055425153207365	-2.6583397900082373	1.9797745143823118	0.8154195406645111
13_11_00001111	-4.8044	-3.2688	2.249	2.7155	c1ccc2c(-c3sc(-c4sc(-c5sc(-c6ccc(-c7ccc(-c8ccc(-c9cccc%10occc9%10)c9occc89)c8occc78)c7occc67)c6ccccc56)c5ccccc45)c4ccccc34)scc2c1	BrC1=CC=C(Br)C2=C1OC=C2	BrC1=C2C=CC=CC2=C(Br)S1	AAAABBBB	['AAAABBBB', 'BrC1=C2C=CC=CC2=C(Br)S1', 'BrC1=CC=C(Br)C2=C1OC=C2']	13	11				-4.855599286561146	-2.003339509599508	2.1353017481873637	0.6654928412767351
53_11_00001111	-4.7787	-3.4346	2.218	5.4446	c1ccc2c(-c3sc(-c4sc(-c5sc(-c6cc7cc8sc(-c9cc%10cc%11sc(-c%12cc%13cc%14sc(-c%15cc%16cc%17sccc%17cc%16s%15)cc%14cc%13s%12)cc%11cc%10s9)cc8cc7s6)c6ccccc56)c5ccccc45)c4ccccc34)scc2c1	BrC1=CC2=CC3=C(C=C(Br)S3)C=C2S1	BrC1=C2C=CC=CC2=C(Br)S1	AAAABBBB	['AAAABBBB', 'BrC1=C2C=CC=CC2=C(Br)S1', 'BrC1=CC2=CC3=C(C=C(Br)S3)C=C2S1']	53	11				-4.832173505533052	-2.145745812368676	2.1182651960744425	0.6420696426489789
40_11_01	-5.1224	-3.6716	2.187	3.7784	c1ccc2c(-c3ccc(-c4sc(-c5ccc(-c6sc(-c7ccc(-c8sc(-c9cccc%10nccnc9%10)c9ccccc89)c8nccnc78)c7ccccc67)c6nccnc56)c5ccccc45)c4nccnc34)scc2c1	BrC1=C2N=CC=NC2=C(Br)C=C1	BrC1=C2C=CC=CC2=C(Br)S1	AB	['AB', 'BrC1=C2C=CC=CC2=C(Br)S1', 'BrC1=C2N=CC=NC2=C(Br)C=C1']	40	11				-5.145459145196706	-2.3493060883414905	2.1012286439615213	0.9553207464762041
40_11_0011	-5.0446	-3.6987	2.174	4.6217	c1ccc2c(-c3sc(-c4ccc(-c5ccc(-c6sc(-c7sc(-c8ccc(-c9cccc%10nccnc9%10)c9nccnc89)c8ccccc78)c7ccccc67)c6nccnc56)c5nccnc45)c4ccccc34)scc2c1	BrC1=C2N=CC=NC2=C(Br)C=C1	BrC1=C2C=CC=CC2=C(Br)S1	AABB	['AABB', 'BrC1=C2C=CC=CC2=C(Br)S1', 'BrC1=C2N=CC=NC2=C(Br)C=C1']	40	11				-5.07454374581983	-2.3725823899400704	2.094084283398039	0.8844131646380957
40_11_00001111	-4.8352	-3.6559	2.17	3.9854	c1ccc2c(-c3sc(-c4sc(-c5sc(-c6ccc(-c7ccc(-c8ccc(-c9cccc%10nccnc9%10)c9nccnc89)c8nccnc78)c7nccnc67)c6ccccc56)c5ccccc45)c4ccccc34)scc2c1	BrC1=C2N=CC=NC2=C(Br)C=C1	BrC1=C2C=CC=CC2=C(Br)S1	AAAABBBB	['AAAABBBB', 'BrC1=C2C=CC=CC2=C(Br)S1', 'BrC1=C2N=CC=NC2=C(Br)C=C1']	40	11				-4.883673763435283	-2.3358212936884395	2.0918860186092747	0.6935642232897663
11_57_00001111	-4.7753	-3.3279	2.27	3.846	c1ccc2c(-c3sc(-c4sc(-c5sc(-c6ccc7c(c6)sc6cc(-c8ccc9c(c8)sc8cc(-c%10ccc%11c(c%10)sc%10cc(-c%12ccc%13c(c%12)sc%12ccccc%12%13)ccc%10%11)ccc89)ccc67)c6ccccc56)c5ccccc45)c4ccccc34)scc2c1	BrC1=C2C=CC=CC2=C(Br)S1	BrC1=CC2=C(C=C1)C1=C(S2)C=C(Br)C=C1	AAAABBBB	['AAAABBBB', 'BrC1=C2C=CC=CC2=C(Br)S1', 'BrC1=CC2=C(C=C1)C1=C(S2)C=C(Br)C=C1']	11	57				-4.829074374969023	-2.0541007429750078	2.1468426383283745	0.6389708537254619
11_25_00001111	-4.91	-3.6054	2.239	4.2607	c1ccc2c(-c3sc(-c4sc(-c5sc(-c6ccc7cc(-c8ccc9cc(-c%10ccc%11cc(-c%12ccc%13ccncc%13n%12)ncc%11n%10)ncc9n8)ncc7n6)c6ccccc56)c5ccccc45)c4ccccc34)scc2c1	BrC1=C2C=CC=CC2=C(Br)S1	BrC1=NC2=CN=C(Br)C=C2C=C1	AAAABBBB	['AAAABBBB', 'BrC1=C2C=CC=CC2=C(Br)S1', 'BrC1=NC2=CN=C(Br)C=C2C=C1']	11	25				-4.951854635843898	-2.2924466357279867	2.1298060862154533	0.7617375796071248
11_28_00001111	-4.8925	-3.7054	2.217	4.4126	c1ccc2c(-c3sc(-c4sc(-c5sc(-c6ccnc7c(-c8ccnc9c(-c%10ccnc%11c(-c%12ccnc%13cnccc%12%13)nccc%10%11)nccc89)nccc67)c6ccccc56)c5ccccc45)c4ccccc34)scc2c1	BrC1=C2C=CC=CC2=C(Br)S1	BrC1=CC=NC2=C(Br)N=CC=C12	AAAABBBB	['AAAABBBB', 'BrC1=C2C=CC=CC2=C(Br)S1', 'BrC1=CC=NC2=C(Br)N=CC=C12']	11	28				-4.935903228529048	-2.3783370475308634	2.1177156298772517	0.7457879307360848
11_17_01	-5.1603	-4.0712	2.221	3.9143	c1ccc2c(-c3ccc(-c4sc(-c5ccc(-c6sc(-c7ccc(-c8sc(-c9cccc%10nsnc9%10)c9ccccc89)c8nsnc78)c7ccccc67)c6nsnc56)c5ccccc45)c4nsnc34)scc2c1	BrC1=C2C=CC=CC2=C(Br)S1	BrC1=CC=C(Br)C2=NSN=C12	AB	['AB', 'BrC1=C2C=CC=CC2=C(Br)S1', 'BrC1=CC=C(Br)C2=NSN=C12']	11	17				-5.180005335895724	-2.6925241739057815	2.1199138946660154	0.9898631288883426
11_7_0011	-5.7167	-4.288	1.569	0.0053	c1ccc2c(-c3sc(-c4nnc(-c5nnc(-c6sc(-c7sc(-c8nnc(-c9nncnn9)nn8)c8ccccc78)c7ccccc67)nn5)nn4)c4ccccc34)scc2c1	BrC1=C2C=CC=CC2=C(Br)S1	BrC1=NN=C(Br)N=N1	AABB	['AABB', 'BrC1=C2C=CC=CC2=C(Br)S1', 'BrC1=NN=C(Br)N=N1']	11	8	1.679240663784827	-5.743892306247539	-3.087735489926337	-5.687168937609012	-2.8787345866944163	1.7615967340974876	1.4969708221367233
48_7_00001111	-4.5379	-3.9355	0.266	0.0001	c1nnc(-c2nnc(-c3nnc(-c4nnc(-c5cc6[nH]c7cc(-c8cc9[nH]c%10cc(-c%11cc%12[nH]c%13cc(-c%14cc%15[nH]c%16cc[nH]c%16c%15[nH]%14)[nH]c%13c%12[nH]%11)[nH]c%10c9[nH]8)[nH]c7c6[nH]5)nn4)nn3)nn2)nn1	BrC1=CC2=C(N1)C1=C(N2)C=C(Br)N1	BrC1=NN=C(Br)N=N1	AAAABBBB	['AAAABBBB', 'BrC1=CC2=C(N1)C1=C(N2)C=C(Br)N1', 'BrC1=NN=C(Br)N=N1']	48	8	0.5890751647948721	-4.147506585015079	-2.9929226503742377	-4.6126821408807155	-2.5759708850892795	1.0455119791576228	0.4226024741834676
12_7_00001111	-5.5738	-4.5072	1.7619999999999998	0.0087	c1cc(-c2ccc(-c3ccc(-c4ccc(-c5nnc(-c6nnc(-c7nnc(-c8nncnn8)nn7)nn6)nn5)c5cc[nH]c45)c4cc[nH]c34)c3cc[nH]c23)c2cc[nH]c2c1	BrC1=CC=C(Br)C2=C1NC=C2	BrC1=NN=C(Br)N=N1	AAAABBBB	['AAAABBBB', 'BrC1=CC=C(Br)C2=C1NC=C2', 'BrC1=NN=C(Br)N=N1']	12	8				-5.556914303020894	-3.0670063693663194	1.8676630101553493	1.3667305464983441
54_7_00001111	-5.8619	-4.6077	1.766	0.0091	c1ccc2c(c1)Cc1cc(-c3ccc4c(c3)Cc3cc(-c5ccc6c(c5)Cc5cc(-c7ccc8c(c7)Cc7cc(-c9nnc(-c%10nnc(-c%11nnc(-c%12nncnn%12)nn%11)nn%10)nn9)ccc7-8)ccc5-6)ccc3-4)ccc1-2	BrC1=CC2=C(C=C1)C1=C(C2)C=C(Br)C=C1	BrC1=NN=C(Br)N=N1	AAAABBBB	['AAAABBBB', 'BrC1=CC2=C(C=C1)C1=C(C2)C=C(Br)C=C1', 'BrC1=NN=C(Br)N=N1']	54	8				-5.819520042872795	-3.1533262332282104	1.8698612749441132	1.629307337341008
55_7_00001111	-5.7649	-4.5885	1.768	0.0093	c1ccc2c(c1)[nH]c1cc(-c3ccc4c(c3)[nH]c3cc(-c5ccc6c(c5)[nH]c5cc(-c7ccc8c(c7)[nH]c7cc(-c9nnc(-c%10nnc(-c%11nnc(-c%12nncnn%12)nn%11)nn%10)nn9)ccc78)ccc56)ccc34)ccc12	BrC1=CC2=C(C=C1)C1=C(N2)C=C(Br)C=C1	BrC1=NN=C(Br)N=N1	AAAABBBB	['AAAABBBB', 'BrC1=CC2=C(C=C1)C1=C(N2)C=C(Br)C=C1', 'BrC1=NN=C(Br)N=N1']	55	8				-5.731103670899055	-3.1368352741620567	1.8709604073384956	1.5409007121701006
59_7_0011	-5.7971	-4.3257	1.7530000000000001	0.0076	c1ccc2cc3c(-c4cccc5cc6c(-c7nnc(-c8nnc(-c9cccc%10cc%11c(-c%12cccc%13cc%14c(-c%15nnc(-c%16nncnn%16)nn%15)cccc%14cc%12%13)cccc%11cc9%10)nn8)nn7)cccc6cc45)cccc3cc2c1	BrC1=CC=CC2=CC3=C(Br)C=CC=C3C=C12	BrC1=NN=C(Br)N=N1	AABB	['AABB', 'BrC1=CC=CC2=CC3=C(Br)C=CC=C3C=C12', 'BrC1=NN=C(Br)N=N1']	59	8				-5.76045426035838	-2.9111152719441007	1.8627169143806304	1.5702480660928164
59_7_01	-5.8853	-4.1497	1.75	0.0065	c1ccc2cc3c(-c4nnc(-c5cccc6cc7c(-c8nnc(-c9cccc%10cc%11c(-c%12nnc(-c%13cccc%14cc%15c(-c%16nncnn%16)cccc%15cc%13%14)nn%12)cccc%11cc9%10)nn8)cccc7cc56)nn4)cccc3cc2c1	BrC1=CC=CC2=CC3=C(Br)C=CC=C3C=C12	BrC1=NN=C(Br)N=N1	AB	['AB', 'BrC1=CC=CC2=CC3=C(Br)C=CC=C3C=C12', 'BrC1=NN=C(Br)N=N1']	59	8				-5.840849353225223	-2.7599481471710394	1.8610682157890572	1.6506342964028562
10_7_0011	-5.8161	-4.214	1.693	0.0066	c1nnc(-c2nnc(-c3cc4sc(-c5cc6sc(-c7nnc(-c8nnc(-c9cc%10sc(-c%11cc%12sccc%12s%11)cc%10s9)nn8)nn7)cc6s5)cc4s3)nn2)nn1	BrC1=CC2=C(S1)C=C(Br)S2	BrC1=NN=C(Br)N=N1	AABB	['AABB', 'BrC1=CC2=C(S1)C=C(Br)S2', 'BrC1=NN=C(Br)N=N1']	10	8				-5.777772931157358	-2.8151756819602882	1.829742942549171	1.5875648277242282
60_7_00001111	-5.8427	-4.6589	1.76	0.0088	c1ccc2c(-c3c4ccccc4c(-c4c5ccccc5c(-c5c6ccccc6c(-c6nnc(-c7nnc(-c8nnc(-c9nncnn9)nn8)nn7)nn6)c6ccccc56)c5ccccc45)c4ccccc34)c3ccccc3cc2c1	BrC1=C2C=CC=CC2=C(Br)C2=CC=CC=C12	BrC1=NN=C(Br)N=N1	AAAABBBB	['AAAABBBB', 'BrC1=C2C=CC=CC2=C(Br)C2=CC=CC=C12', 'BrC1=NN=C(Br)N=N1']	60	8				-5.80201907027593	-3.1973021240712822	1.8665638777609677	1.611808294008209
49_7_00001111	-5.6903	-4.6398	0.02	0.0003	c1nnc(-c2nnc(-c3nnc(-c4nnc(-c5cc6oc7cc(-c8cc9oc%10cc(-c%11cc%12oc%13cc(-c%14cc%15oc%16ccoc%16c%15o%14)oc%13c%12o%11)oc%10c9o8)oc7c6o5)nn4)nn3)nn2)nn1	BrC1=CC2=C(O1)C1=C(O2)C=C(Br)O1	BrC1=NN=C(Br)N=N1	AAAABBBB	['AAAABBBB', 'BrC1=CC2=C(O1)C1=C(O2)C=C(Br)O1', 'BrC1=NN=C(Br)N=N1']	49	8	0.994670381782936	-5.172222528620277	-3.191494954767992	-5.663105100288322	-3.1808970554169327	0.9103186946486383	1.4729096375541235
15_7_00001111	-5.484	-4.5249	1.725	0.01	c1cc(-c2ccc(-c3ccc(-c4ccc(-c5nnc(-c6nnc(-c7nnc(-c8nncnn8)nn7)nn6)nn5)c5cscc45)c4cscc34)c3cscc23)c2cscc2c1	BrC1=CC=C(Br)C2=CSC=C12	BrC1=NN=C(Br)N=N1	AAAABBBB	['AAAABBBB', 'BrC1=CC=C(Br)C2=CSC=C12', 'BrC1=NN=C(Br)N=N1']	15	8				-5.475060795770976	-3.082208972255428	1.8473290608592827	1.2848860625772351
15_7_01	-5.8885	-4.1576	1.732	0.0062	c1cc(-c2nnc(-c3ccc(-c4nnc(-c5ccc(-c6nnc(-c7ccc(-c8nncnn8)c8cscc78)nn6)c6cscc56)nn4)c4cscc34)nn2)c2cscc2c1	BrC1=CC=C(Br)C2=CSC=C12	BrC1=NN=C(Br)N=N1	AB	['AB', 'BrC1=CC=C(Br)C2=CSC=C12', 'BrC1=NN=C(Br)N=N1']	15	8				-5.843766181991366	-2.7667334897034666	1.85117602423962	1.6535508036249889
2_7_00001111	-5.6899	-4.5013	0.25	0.0002	c1csc(-c2ccc(-c3ccc(-c4ccc(-c5nnc(-c6nnc(-c7nnc(-c8nncnn8)nn7)nn6)nn5)s4)s3)s2)c1	BrC1=CC=C(Br)S1	BrC1=NN=C(Br)N=N1	AAAABBBB	['AAAABBBB', 'BrC1=CC=C(Br)S1', 'BrC1=NN=C(Br)N=N1']	3	8				-5.662740496692555	-3.0619388350699497	1.036718920002567	1.4725450741513577
51_7_01	-5.3783	-3.9838	1.805	0.0071	c1nnc(-c2cc3cc4[nH]c(-c5nnc(-c6cc7cc8[nH]c(-c9nnc(-c%10cc%11cc%12[nH]c(-c%13nnc(-c%14cc%15cc%16[nH]ccc%16cc%15[nH]%14)nn%13)cc%12cc%11[nH]%10)nn9)cc8cc7[nH]6)nn5)cc4cc3[nH]2)nn1	BrC1=CC2=CC3=C(C=C(Br)N3)C=C2N1	BrC1=NN=C(Br)N=N1	AB	['AB', 'BrC1=CC2=CC3=C(C=C(Br)N3)C=C2N1', 'BrC1=NN=C(Br)N=N1']	51	8				-5.378714295589283	-2.617455953990069	1.891294356634562	1.1885501833961545
51_7_0011	-5.1419	-4.1226	1.749	0.0068	c1nnc(-c2nnc(-c3cc4cc5[nH]c(-c6cc7cc8[nH]c(-c9nnc(-c%10nnc(-c%11cc%12cc%13[nH]c(-c%14cc%15cc%16[nH]ccc%16cc%15[nH]%14)cc%13cc%12[nH]%11)nn%10)nn9)cc8cc7[nH]6)cc5cc4[nH]3)nn2)nn1	BrC1=CC2=CC3=C(C=C(Br)N3)C=C2N1	BrC1=NN=C(Br)N=N1	AABB	['AABB', 'BrC1=CC2=CC3=C(C=C(Br)N3)C=C2N1', 'BrC1=NN=C(Br)N=N1']	51	8				-5.163233570490394	-2.7366718455724603	1.8605186495918664	0.973093212361076
53_7_00001111	-5.4671	-4.5874	1.703	0.0117	c1nnc(-c2nnc(-c3nnc(-c4nnc(-c5cc6cc7sc(-c8cc9cc%10sc(-c%11cc%12cc%13sc(-c%14cc%15cc%16sccc%16cc%15s%14)cc%13cc%12s%11)cc%10cc9s8)cc7cc6s5)nn4)nn3)nn2)nn1	BrC1=CC2=CC3=C(C=C(Br)S3)C=C2S1	BrC1=NN=C(Br)N=N1	AAAABBBB	['AAAABBBB', 'BrC1=CC2=CC3=C(C=C(Br)S3)C=C2S1', 'BrC1=NN=C(Br)N=N1']	53	8				-5.459656293849781	-3.1358904796322253	1.835238604521081	1.269483258810348
53_7_0011	-5.7026	-4.2876	1.7530000000000001	0.0071	c1nnc(-c2nnc(-c3cc4cc5sc(-c6cc7cc8sc(-c9nnc(-c%10nnc(-c%11cc%12cc%13sc(-c%14cc%15cc%16sccc%16cc%15s%14)cc%13cc%12s%11)nn%10)nn9)cc8cc7s6)cc5cc4s3)nn2)nn1	BrC1=CC2=CC3=C(C=C(Br)S3)C=C2S1	BrC1=NN=C(Br)N=N1	AABB	['AABB', 'BrC1=CC2=CC3=C(C=C(Br)S3)C=C2S1', 'BrC1=NN=C(Br)N=N1']	53	8				-5.67431666085819	-2.878391025047205	1.8627169143806304	1.4841199621891994
11_54_00001111	-4.6964	-3.3514	2.2880000000000003	4.9651	c1ccc2c(c1)Cc1cc(-c3ccc4c(c3)Cc3cc(-c5ccc6c(c5)Cc5cc(-c7ccc8c(c7)Cc7cc(-c9sc(-c%10sc(-c%11sc(-c%12scc%13ccccc%12%13)c%12ccccc%11%12)c%11ccccc%10%11)c%10ccccc9%10)ccc7-8)ccc5-6)ccc3-4)ccc1-2	BrC1=C2C=CC=CC2=C(Br)S1	BrC1=CC2=C(C=C1)C1=C(C2)C=C(Br)C=C1	AAAABBBB	['AAAABBBB', 'BrC1=C2C=CC=CC2=C(Br)S1', 'BrC1=CC2=C(C=C1)C1=C(C2)C=C(Br)C=C1']	11	54	1.8659472298704816	-4.892440309704216	-2.2112075537477685	-4.757156315703786	-2.074284989748683	2.1567348298778115	0.5670607225297446
11_20_00001111	-4.7755	-3.4447	2.294	5.0815	c1cnc2cc(-c3cnc4cc(-c5cnc6cc(-c7cnc8cc(-c9sc(-c%10sc(-c%11sc(-c%12scc%13ccccc%12%13)c%12ccccc%11%12)c%11ccccc%10%11)c%10ccccc9%10)ccc8c7)ccc6c5)ccc4c3)ccc2c1	BrC1=C2C=CC=CC2=C(Br)S1	BrC1=CC=C2C=C(Br)C=NC2=C1	AAAABBBB	['AAAABBBB', 'BrC1=C2C=CC=CC2=C(Br)S1', 'BrC1=CC=C2C=C(Br)C=NC2=C1']	11	20				-4.829256676766908	-2.1544207439607663	2.1600322270609578	0.639153135426846
11_1_00001111	-4.7903	-3.301	2.197	3.6432	c1coc(-c2ccc(-c3ccc(-c4ccc(-c5sc(-c6sc(-c7sc(-c8scc9ccccc89)c8ccccc78)c7ccccc67)c6ccccc56)o4)o3)o2)c1	BrC1=C2C=CC=CC2=C(Br)S1	BrC1=CC=C(Br)O1	AAAABBBB	['AAAABBBB', 'BrC1=C2C=CC=CC2=C(Br)S1', 'BrC1=CC=C(Br)O1']	11	2				-4.842747009810324	-2.0309962222000344	2.106724305933432	0.652641981329211
11_1_0011	-4.7399	-3.2864	2.198	4.8623	c1coc(-c2ccc(-c3sc(-c4sc(-c5ccc(-c6ccc(-c7sc(-c8scc9ccccc89)c8ccccc78)o6)o5)c5ccccc45)c4ccccc34)o2)c1	BrC1=C2C=CC=CC2=C(Br)S1	BrC1=CC=C(Br)O1	AABB	['AABB', 'BrC1=C2C=CC=CC2=C(Br)S1', 'BrC1=CC=C(Br)O1']	11	2				-4.7968069567435565	-2.0184562220768143	2.1072738721306226	0.6067069925806163
16_1_01	-5.7236	-3.8806	2.247	4.0754	c1coc(-c2ccc(-c3ccc(-c4ccc(-c5ccc(-c6ccc(-c7ccc(-c8cccc9nonc89)o7)c7nonc67)o5)c5nonc45)o3)c3nonc23)c1	BrC1=CC=C(Br)C2=NON=C12	BrC1=CC=C(Br)O1	AB	['AB', 'BrC1=CC=C(Br)C2=NON=C12', 'BrC1=CC=C(Br)O1']	16	2				-5.693458349636009	-2.528817049009501	2.134202615792981	1.5032595408344465
11_49_0011	-4.8672	-3.4658	2.1590000000000003	7.9923	c1ccc2c(-c3sc(-c4cc5oc6cc(-c7cc8oc9cc(-c%10sc(-c%11sc(-c%12cc%13oc%14cc(-c%15cc%16oc%17ccoc%17c%16o%15)oc%14c%13o%12)c%12ccccc%11%12)c%11ccccc%10%11)oc9c8o7)oc6c5o4)c4ccccc34)scc2c1	BrC1=C2C=CC=CC2=C(Br)S1	BrC1=CC2=C(O1)C1=C(O2)C=C(Br)O1	AABB	['AABB', 'BrC1=C2C=CC=CC2=C(Br)S1', 'BrC1=CC2=C(O1)C1=C(O2)C=C(Br)O1']	11	49				-4.912842051096723	-2.1725436208511733	2.085840790440174	0.7227292955110962
11_49_00001111	-4.7145	-3.509	2.175	7.5826	c1ccc2c(-c3sc(-c4sc(-c5sc(-c6cc7oc8cc(-c9cc%10oc%11cc(-c%12cc%13oc%14cc(-c%15cc%16oc%17ccoc%17c%16o%15)oc%14c%13o%12)oc%11c%10o9)oc8c7o6)c6ccccc56)c5ccccc45)c4ccccc34)scc2c1	BrC1=C2C=CC=CC2=C(Br)S1	BrC1=CC2=C(O1)C1=C(O2)C=C(Br)O1	AAAABBBB	['AAAABBBB', 'BrC1=C2C=CC=CC2=C(Br)S1', 'BrC1=CC2=C(O1)C1=C(O2)C=C(Br)O1']	11	49				-4.773654628412288	-2.209648278750015	2.0946338495952297	0.5835572165049348
16_49_0011	-5.6113	-4.0048	2.149	8.975	c1cc(-c2ccc(-c3cc4oc5cc(-c6cc7oc8cc(-c9ccc(-c%10ccc(-c%11cc%12oc%13cc(-c%14cc%15oc%16ccoc%16c%15o%14)oc%13c%12o%11)c%11nonc%10%11)c%10nonc9%10)oc8c7o6)oc5c4o3)c3nonc23)c2nonc2c1	BrC1=CC=C(Br)C2=NON=C12	BrC1=CC2=C(O1)C1=C(O2)C=C(Br)O1	AABB	['AABB', 'BrC1=CC2=C(O1)C1=C(O2)C=C(Br)O1', 'BrC1=CC=C(Br)C2=NON=C12']	16	49	1.374386861175366	-5.141317615306582	-2.8780525259355763	-5.591095890124143	-2.6354929404686733	2.080345128468264	1.4009083655077161
16_49_00001111	-5.5542	-4.0536	2.181	2.6594	c1cc(-c2ccc(-c3ccc(-c4ccc(-c5cc6oc7cc(-c8cc9oc%10cc(-c%11cc%12oc%13cc(-c%14cc%15oc%16ccoc%16c%15o%14)oc%13c%12o%11)oc%10c9o8)oc7c6o5)c5nonc45)c4nonc34)c3nonc23)c2nonc2c1	BrC1=CC=C(Br)C2=NON=C12	BrC1=CC2=C(O1)C1=C(O2)C=C(Br)O1	AAAABBBB	['AAAABBBB', 'BrC1=CC2=C(O1)C1=C(O2)C=C(Br)O1', 'BrC1=CC=C(Br)C2=NON=C12']	16	49				-5.539048726828262	-2.677407461428476	2.0979312467783755	1.3488669397627806
16_49_01	-5.6032	-3.9683	2.171	6.3923	c1cc(-c2cc3oc4cc(-c5ccc(-c6cc7oc8cc(-c9ccc(-c%10cc%11oc%12cc(-c%13ccc(-c%14cc%15oc%16ccoc%16c%15o%14)c%14nonc%13%14)oc%12c%11o%10)c%10nonc9%10)oc8c7o6)c6nonc56)oc4c3o2)c2nonc2c1	BrC1=CC=C(Br)C2=NON=C12	BrC1=CC2=C(O1)C1=C(O2)C=C(Br)O1	AB	['AB', 'BrC1=CC2=C(O1)C1=C(O2)C=C(Br)O1', 'BrC1=CC=C(Br)C2=NON=C12']	16	49				-5.5837126673098405	-2.604142940160623	2.092435584806465	1.3935259566016909
11_6_0011	-5.2481	-3.8212	2.323	5.8902	c1ccc2c(-c3sc(-c4cnc(-c5cnc(-c6sc(-c7sc(-c8cnc(-c9cnccn9)cn8)c8ccccc78)c7ccccc67)cn5)cn4)c4ccccc34)scc2c1	BrC1=C2C=CC=CC2=C(Br)S1	BrC1=CN=C(Br)C=N1	AABB	['AABB', 'BrC1=C2C=CC=CC2=C(Br)S1', 'BrC1=CN=C(Br)C=N1']	11	7				-5.260035825166799	-2.4777981443985935	2.175969646779497	1.0698847957956166
11_6_00001111	-4.9736	-3.7599	2.204	5.2864	c1ccc2c(-c3sc(-c4sc(-c5sc(-c6cnc(-c7cnc(-c8cnc(-c9cnccn9)cn8)cn7)cn6)c6ccccc56)c5ccccc45)c4ccccc34)scc2c1	BrC1=C2C=CC=CC2=C(Br)S1	BrC1=CN=C(Br)C=N1	AAAABBBB	['AAAABBBB', 'BrC1=C2C=CC=CC2=C(Br)S1', 'BrC1=CN=C(Br)C=N1']	11	7				-5.00982660757101	-2.42514732196343	2.1105712693137693	0.8197031606470184
7_15_0011	-5.7403	-4.2126	1.7469999999999999	0.0076	c1cc(-c2ccc(-c3nnc(-c4nnc(-c5ccc(-c6ccc(-c7nnc(-c8nncnn8)nn7)c7cscc67)c6cscc56)nn4)nn3)c3cscc23)c2cscc2c1	BrC1=NN=C(Br)N=N1	BrC1=CC=C(Br)C2=CSC=C12	AABB	['AABB', 'BrC1=CC=C(Br)C2=CSC=C12', 'BrC1=NN=C(Br)N=N1']	8	15				-5.7086805497593245	-2.813973216195048	1.8594195171974848	1.5184800628999549
11_15_00001111	-4.7836	-3.2916	2.217	3.7042	c1cc(-c2ccc(-c3ccc(-c4ccc(-c5sc(-c6sc(-c7sc(-c8scc9ccccc89)c8ccccc78)c7ccccc67)c6ccccc56)c5cscc45)c4cscc34)c3cscc23)c2cscc2c1	BrC1=C2C=CC=CC2=C(Br)S1	BrC1=CC=C(Br)C2=CSC=C12	AAAABBBB	['AAAABBBB', 'BrC1=C2C=CC=CC2=C(Br)S1', 'BrC1=CC=C(Br)C2=CSC=C12']	11	15				-4.83663989958121	-2.022922523490564	2.1177156298772517	0.6465355443328704
11_32_00001111	-4.8419	-3.5849	2.324	4.0376	c1ccc2c(-c3sc(-c4sc(-c5sc(-c6cncc7c(-c8cncc9c(-c%10cncc%11c(-c%12cncc%13cnccc%12%13)nccc%10%11)nccc89)nccc67)c6ccccc56)c5ccccc45)c4ccccc34)scc2c1	BrC1=C2C=CC=CC2=C(Br)S1	BrC1=CN=CC2=C(Br)N=CC=C12	AAAABBBB	['AAAABBBB', 'BrC1=C2C=CC=CC2=C(Br)S1', 'BrC1=CN=CC2=C(Br)N=CC=C12']	11	32				-4.889780873664397	-2.274839101308398	2.176519212976688	0.6996706602861071
11_43_00001111	-4.8404	-3.7079	2.226	4.4938	c1ccc2c(-c3sc(-c4sc(-c5sc(-c6cnc(-c7cnc(-c8cnc(-c9cncc%10ncccc9%10)c9ncccc89)c8ncccc78)c7ncccc67)c6ccccc56)c5ccccc45)c4ccccc34)scc2c1	BrC1=C2C=CC=CC2=C(Br)S1	BrC1=C2C=CC=NC2=C(Br)N=C1	AAAABBBB	['AAAABBBB', 'BrC1=C2C=CC=CC2=C(Br)S1', 'BrC1=C2C=CC=NC2=C(Br)N=C1']	11	43				-4.888413610180266	-2.3804843078259346	2.1226617256519704	0.6983035475257313
11_43_0011	-5.2173	-3.7072	2.276	4.2967	c1ccc2c(-c3sc(-c4cnc(-c5cnc(-c6sc(-c7sc(-c8cnc(-c9cncc%10ncccc9%10)c9ncccc89)c8ccccc78)c7ccccc67)c6ncccc56)c5ncccc45)c4ccccc34)scc2c1	BrC1=C2C=CC=CC2=C(Br)S1	BrC1=C2C=CC=NC2=C(Br)N=C1	AABB	['AABB', 'BrC1=C2C=CC=CC2=C(Br)S1', 'BrC1=C2C=CC=NC2=C(Br)N=C1']	11	43				-5.231961348292663	-2.379883074943314	2.1501400355115203	1.0418134137825865
11_44_0011	-5.2331	-3.7205	2.342	4.4333	c1ccc2c(-c3sc(-c4cnc(-c5cnc(-c6sc(-c7sc(-c8cnc(-c9cncc%10ccncc9%10)c9ccncc89)c8ccccc78)c7ccccc67)c6ccncc56)c5ccncc45)c4ccccc34)scc2c1	BrC1=C2C=CC=CC2=C(Br)S1	BrC1=C2C=NC=CC2=C(Br)N=C1	AABB	['AABB', 'BrC1=C2C=CC=CC2=C(Br)S1', 'BrC1=C2C=NC=CC2=C(Br)N=C1']	11	44				-5.2463631903255	-2.391306499713097	2.186411404526126	1.0562136681918692
11_38_00001111	-4.8136	-3.5093	2.29	4.7727	c1cc(-c2ccc(-c3ccc(-c4ccc(-c5sc(-c6sc(-c7sc(-c8scc9ccccc89)c8ccccc78)c7ccccc67)c6ccccc56)c5cnncc45)c4cnncc34)c3cnncc23)c2cnncc2c1	BrC1=C2C=CC=CC2=C(Br)S1	BrC1=C2C=NN=CC2=C(Br)C=C1	AAAABBBB	['AAAABBBB', 'BrC1=C2C=CC=CC2=C(Br)S1', 'BrC1=C2C=NN=CC2=C(Br)C=C1']	11	38				-4.8639851692638105	-2.2099059499854237	2.157833962272194	0.6738777995403675
11_56_00001111	-4.8068	-3.3532	2.275	4.0619	c1ccc2c(-c3sc(-c4sc(-c5sc(-c6ccc7c(c6)oc6cc(-c8ccc9c(c8)oc8cc(-c%10ccc%11c(c%10)oc%10cc(-c%12ccc%13c(c%12)oc%12ccccc%12%13)ccc%10%11)ccc89)ccc67)c6ccccc56)c5ccccc45)c4ccccc34)scc2c1	BrC1=C2C=CC=CC2=C(Br)S1	BrC1=CC2=C(C=C1)C1=C(O2)C=C(Br)C=C1	AAAABBBB	['AAAABBBB', 'BrC1=C2C=CC=CC2=C(Br)S1', 'BrC1=CC2=C(C=C1)C1=C(O2)C=C(Br)C=C1']	11	56				-4.857786908135754	-2.075831017161135	2.149590469314329	0.6676802216933344
11_5_00001111	-5.0074	-3.7893	2.213	5.2267	c1cnc(-c2cnc(-c3cnc(-c4cnc(-c5sc(-c6sc(-c7sc(-c8scc9ccccc89)c8ccccc78)c7ccccc67)c6ccccc56)nc4)nc3)nc2)nc1	BrC1=C2C=CC=CC2=C(Br)S1	BrC1=CN=C(Br)N=C1	AAAABBBB	['AAAABBBB', 'BrC1=C2C=CC=CC2=C(Br)S1', 'BrC1=CN=C(Br)N=C1']	11	6				-5.040635611413405	-2.4503991030334755	2.1155173650884875	0.8505087681807977
7_9_00001111	-5.7319	-4.5891	0.12	0.0001	c1nnc(-c2nnc(-c3nnc(-c4nnc(-c5cc6oc(-c7cc8oc(-c9cc%10oc(-c%11cc%12occc%12o%11)cc%10o9)cc8o7)cc6o5)nn4)nn3)nn2)nn1	BrC1=NN=C(Br)N=N1	BrC1=CC2=C(O1)C=C(Br)O2	AAAABBBB	['AAAABBBB', 'BrC1=CC2=C(O1)C=C(Br)O2', 'BrC1=NN=C(Br)N=N1']	8	9				-5.701023874248196	-3.137350616632874	0.9652753143677378	1.5108242314418554
11_9_01	-4.7866	-3.4266	2.215	7.3382	c1ccc2c(-c3cc4oc(-c5sc(-c6cc7oc(-c8sc(-c9cc%10oc(-c%11sc(-c%12cc%13occc%13o%12)c%12ccccc%11%12)cc%10o9)c9ccccc89)cc7o6)c6ccccc56)cc4o3)scc2c1	BrC1=C2C=CC=CC2=C(Br)S1	BrC1=CC2=C(O1)C=C(Br)O2	AB	['AB', 'BrC1=C2C=CC=CC2=C(Br)S1', 'BrC1=CC2=C(O1)C=C(Br)O2']	11	9				-4.83937442654947	-2.1388745794244457	2.1166164974828696	0.6492697698536196
11_9_0011	-4.7939	-3.4193	2.188	7.0914	c1ccc2c(-c3sc(-c4cc5oc(-c6cc7oc(-c8sc(-c9sc(-c%10cc%11oc(-c%12cc%13occc%13o%12)cc%11o%10)c%10ccccc9%10)c9ccccc89)cc7o6)cc5o4)c4ccccc34)scc2c1	BrC1=C2C=CC=CC2=C(Br)S1	BrC1=CC2=C(O1)C=C(Br)O2	AABB	['AABB', 'BrC1=C2C=CC=CC2=C(Br)S1', 'BrC1=CC2=C(O1)C=C(Br)O2']	11	9				-4.846028442172236	-2.132604579362836	2.101778210158713	0.6559230519541108
16_9_01	-5.6408	-3.9732	2.173	6.7842	c1cc(-c2cc3oc(-c4ccc(-c5cc6oc(-c7ccc(-c8cc9oc(-c%10ccc(-c%11cc%12occc%12o%11)c%11nonc%10%11)cc9o8)c8nonc78)cc6o5)c5nonc45)cc3o2)c2nonc2c1	BrC1=CC=C(Br)C2=NON=C12	BrC1=CC2=C(O1)C=C(Br)O2	AB	['AB', 'BrC1=CC2=C(O1)C=C(Br)O2', 'BrC1=CC=C(Br)C2=NON=C12']	16	9				-5.617985405312033	-2.6083515703389635	2.093534717200848	1.4277949164617545
16_9_0011	-5.6479	-3.9447	2.211	6.9815	c1cc(-c2ccc(-c3cc4oc(-c5cc6oc(-c7ccc(-c8ccc(-c9cc%10oc(-c%11cc%12occc%12o%11)cc%10o9)c9nonc89)c8nonc78)cc6o5)cc4o3)c3nonc23)c2nonc2c1	BrC1=CC=C(Br)C2=NON=C12	BrC1=CC2=C(O1)C=C(Br)O2	AABB	['AABB', 'BrC1=CC2=C(O1)C=C(Br)O2', 'BrC1=CC=C(Br)C2=NON=C12']	16	9				-5.624457119136915	-2.5838728029751445	2.114418232694105	1.4342659168608625
